SET IDENTITY_INSERT [dbo].[Coach_Customer] ON 

INSERT [dbo].[Coach_Customer] ([id], [coach_id], [user_id], [start_date], [end_date]) VALUES (1, N'C001', N'TH001', CAST(N'2022-01-01' AS Date), CAST(N'2022-12-31' AS Date))
INSERT [dbo].[Coach_Customer] ([id], [coach_id], [user_id], [start_date], [end_date]) VALUES (2, N'C002', N'TH002', CAST(N'2021-11-01' AS Date), CAST(N'2022-10-31' AS Date))
INSERT [dbo].[Coach_Customer] ([id], [coach_id], [user_id], [start_date], [end_date]) VALUES (3, N'C002', N'TH003', CAST(N'2022-03-01' AS Date), CAST(N'2023-02-28' AS Date))
INSERT [dbo].[Coach_Customer] ([id], [coach_id], [user_id], [start_date], [end_date]) VALUES (4, N'C003', N'TH004', CAST(N'2021-08-15' AS Date), CAST(N'2022-08-15' AS Date))
INSERT [dbo].[Coach_Customer] ([id], [coach_id], [user_id], [start_date], [end_date]) VALUES (5, N'C004', N'TH005', CAST(N'2022-06-01' AS Date), CAST(N'2023-05-31' AS Date))
INSERT [dbo].[Coach_Customer] ([id], [coach_id], [user_id], [start_date], [end_date]) VALUES (6, N'C005', N'TH006', CAST(N'2021-12-05' AS Date), CAST(N'2022-12-05' AS Date))
INSERT [dbo].[Coach_Customer] ([id], [coach_id], [user_id], [start_date], [end_date]) VALUES (7, N'C006', N'TH007', CAST(N'2022-04-10' AS Date), CAST(N'2023-04-10' AS Date))
INSERT [dbo].[Coach_Customer] ([id], [coach_id], [user_id], [start_date], [end_date]) VALUES (8, N'C007', N'TH008', CAST(N'2022-01-20' AS Date), CAST(N'2023-01-20' AS Date))
INSERT [dbo].[Coach_Customer] ([id], [coach_id], [user_id], [start_date], [end_date]) VALUES (9, N'C008', N'TH009', CAST(N'2022-05-15' AS Date), CAST(N'2023-05-15' AS Date))
INSERT [dbo].[Coach_Customer] ([id], [coach_id], [user_id], [start_date], [end_date]) VALUES (10, N'C009', N'TH010', CAST(N'2021-09-30' AS Date), CAST(N'2022-09-30' AS Date))
INSERT [dbo].[Coach_Customer] ([id], [coach_id], [user_id], [start_date], [end_date]) VALUES (11, N'C010', N'TH011', CAST(N'2022-03-01' AS Date), CAST(N'2023-03-01' AS Date))
INSERT [dbo].[Coach_Customer] ([id], [coach_id], [user_id], [start_date], [end_date]) VALUES (12, N'C011', N'TH012', CAST(N'2021-10-15' AS Date), CAST(N'2022-10-15' AS Date))
INSERT [dbo].[Coach_Customer] ([id], [coach_id], [user_id], [start_date], [end_date]) VALUES (13, N'C012', N'TH013', CAST(N'2022-02-14' AS Date), CAST(N'2023-02-14' AS Date))
INSERT [dbo].[Coach_Customer] ([id], [coach_id], [user_id], [start_date], [end_date]) VALUES (14, N'C013', N'TH014', CAST(N'2021-11-01' AS Date), CAST(N'2022-11-01' AS Date))
INSERT [dbo].[Coach_Customer] ([id], [coach_id], [user_id], [start_date], [end_date]) VALUES (15, N'C014', N'TH015', CAST(N'2022-06-01' AS Date), CAST(N'2023-06-01' AS Date))
INSERT [dbo].[Coach_Customer] ([id], [coach_id], [user_id], [start_date], [end_date]) VALUES (16, N'C015', N'TH016', CAST(N'2022-01-05' AS Date), CAST(N'2023-01-05' AS Date))
INSERT [dbo].[Coach_Customer] ([id], [coach_id], [user_id], [start_date], [end_date]) VALUES (17, N'C016', N'TH017', CAST(N'2022-04-22' AS Date), CAST(N'2023-04-22' AS Date))
INSERT [dbo].[Coach_Customer] ([id], [coach_id], [user_id], [start_date], [end_date]) VALUES (18, N'C017', N'TH018', CAST(N'2021-12-15' AS Date), CAST(N'2022-12-15' AS Date))
INSERT [dbo].[Coach_Customer] ([id], [coach_id], [user_id], [start_date], [end_date]) VALUES (19, N'C018', N'TH019', CAST(N'2022-03-30' AS Date), CAST(N'2023-03-30' AS Date))
INSERT [dbo].[Coach_Customer] ([id], [coach_id], [user_id], [start_date], [end_date]) VALUES (20, N'C019', N'TH020', CAST(N'2021-10-30' AS Date), CAST(N'2022-10-30' AS Date))
INSERT [dbo].[Coach_Customer] ([id], [coach_id], [user_id], [start_date], [end_date]) VALUES (21, N'C020', N'TH021', CAST(N'2022-02-01' AS Date), CAST(N'2023-02-01' AS Date))
INSERT [dbo].[Coach_Customer] ([id], [coach_id], [user_id], [start_date], [end_date]) VALUES (22, N'C021', N'TH022', CAST(N'2021-09-15' AS Date), CAST(N'2022-09-15' AS Date))
INSERT [dbo].[Coach_Customer] ([id], [coach_id], [user_id], [start_date], [end_date]) VALUES (23, N'C022', N'TH023', CAST(N'2022-05-01' AS Date), CAST(N'2023-05-01' AS Date))
INSERT [dbo].[Coach_Customer] ([id], [coach_id], [user_id], [start_date], [end_date]) VALUES (24, N'C023', N'TH024', CAST(N'2021-11-15' AS Date), CAST(N'2022-11-15' AS Date))
INSERT [dbo].[Coach_Customer] ([id], [coach_id], [user_id], [start_date], [end_date]) VALUES (25, N'C024', N'TH025', CAST(N'2022-06-15' AS Date), CAST(N'2023-06-15' AS Date))
INSERT [dbo].[Coach_Customer] ([id], [coach_id], [user_id], [start_date], [end_date]) VALUES (26, N'C025', N'TH026', CAST(N'2022-01-10' AS Date), CAST(N'2023-01-10' AS Date))
INSERT [dbo].[Coach_Customer] ([id], [coach_id], [user_id], [start_date], [end_date]) VALUES (27, N'C026', N'TH027', CAST(N'2022-03-15' AS Date), CAST(N'2023-03-15' AS Date))
INSERT [dbo].[Coach_Customer] ([id], [coach_id], [user_id], [start_date], [end_date]) VALUES (28, N'C027', N'TH028', CAST(N'2021-08-30' AS Date), CAST(N'2022-08-30' AS Date))
INSERT [dbo].[Coach_Customer] ([id], [coach_id], [user_id], [start_date], [end_date]) VALUES (29, N'C028', N'TH029', CAST(N'2022-04-05' AS Date), CAST(N'2023-04-05' AS Date))
INSERT [dbo].[Coach_Customer] ([id], [coach_id], [user_id], [start_date], [end_date]) VALUES (30, N'C029', N'TH030', CAST(N'2021-12-20' AS Date), CAST(N'2022-12-20' AS Date))
INSERT [dbo].[Coach_Customer] ([id], [coach_id], [user_id], [start_date], [end_date]) VALUES (31, N'C030', N'TH031', CAST(N'2022-02-15' AS Date), CAST(N'2023-02-15' AS Date))
INSERT [dbo].[Coach_Customer] ([id], [coach_id], [user_id], [start_date], [end_date]) VALUES (32, N'C031', N'TH032', CAST(N'2021-10-01' AS Date), CAST(N'2022-10-01' AS Date))
INSERT [dbo].[Coach_Customer] ([id], [coach_id], [user_id], [start_date], [end_date]) VALUES (33, N'C032', N'TH033', CAST(N'2022-05-20' AS Date), CAST(N'2023-05-20' AS Date))
INSERT [dbo].[Coach_Customer] ([id], [coach_id], [user_id], [start_date], [end_date]) VALUES (34, N'C033', N'TH034', CAST(N'2021-11-20' AS Date), CAST(N'2022-11-20' AS Date))
INSERT [dbo].[Coach_Customer] ([id], [coach_id], [user_id], [start_date], [end_date]) VALUES (35, N'C034', N'TH035', CAST(N'2022-03-10' AS Date), CAST(N'2023-03-10' AS Date))
INSERT [dbo].[Coach_Customer] ([id], [coach_id], [user_id], [start_date], [end_date]) VALUES (36, N'C035', N'TH036', CAST(N'2021-09-01' AS Date), CAST(N'2022-09-01' AS Date))
INSERT [dbo].[Coach_Customer] ([id], [coach_id], [user_id], [start_date], [end_date]) VALUES (37, N'C036', N'TH037', CAST(N'2022-06-10' AS Date), CAST(N'2023-06-10' AS Date))
INSERT [dbo].[Coach_Customer] ([id], [coach_id], [user_id], [start_date], [end_date]) VALUES (38, N'C037', N'TH038', CAST(N'2022-01-25' AS Date), CAST(N'2023-01-25' AS Date))
INSERT [dbo].[Coach_Customer] ([id], [coach_id], [user_id], [start_date], [end_date]) VALUES (39, N'C038', N'TH039', CAST(N'2022-04-15' AS Date), CAST(N'2023-04-15' AS Date))
INSERT [dbo].[Coach_Customer] ([id], [coach_id], [user_id], [start_date], [end_date]) VALUES (40, N'C039', N'TH040', CAST(N'2021-08-01' AS Date), CAST(N'2022-08-01' AS Date))
INSERT [dbo].[Coach_Customer] ([id], [coach_id], [user_id], [start_date], [end_date]) VALUES (41, N'C040', N'TH041', CAST(N'2022-05-05' AS Date), CAST(N'2023-05-05' AS Date))
INSERT [dbo].[Coach_Customer] ([id], [coach_id], [user_id], [start_date], [end_date]) VALUES (42, N'C041', N'TH042', CAST(N'2021-12-10' AS Date), CAST(N'2022-12-10' AS Date))
INSERT [dbo].[Coach_Customer] ([id], [coach_id], [user_id], [start_date], [end_date]) VALUES (43, N'C042', N'TH043', CAST(N'2022-02-20' AS Date), CAST(N'2023-02-20' AS Date))
INSERT [dbo].[Coach_Customer] ([id], [coach_id], [user_id], [start_date], [end_date]) VALUES (44, N'C043', N'TH044', CAST(N'2021-10-20' AS Date), CAST(N'2022-10-20' AS Date))
INSERT [dbo].[Coach_Customer] ([id], [coach_id], [user_id], [start_date], [end_date]) VALUES (45, N'C044', N'TH045', CAST(N'2022-03-25' AS Date), CAST(N'2023-03-25' AS Date))
INSERT [dbo].[Coach_Customer] ([id], [coach_id], [user_id], [start_date], [end_date]) VALUES (46, N'C045', N'TH046', CAST(N'2022-01-30' AS Date), CAST(N'2023-01-30' AS Date))
INSERT [dbo].[Coach_Customer] ([id], [coach_id], [user_id], [start_date], [end_date]) VALUES (47, N'C046', N'TH047', CAST(N'2022-04-20' AS Date), CAST(N'2023-04-20' AS Date))
INSERT [dbo].[Coach_Customer] ([id], [coach_id], [user_id], [start_date], [end_date]) VALUES (48, N'C047', N'TH048', CAST(N'2021-11-10' AS Date), CAST(N'2022-11-10' AS Date))
INSERT [dbo].[Coach_Customer] ([id], [coach_id], [user_id], [start_date], [end_date]) VALUES (49, N'C048', N'TH049', CAST(N'2022-06-05' AS Date), CAST(N'2023-06-05' AS Date))
INSERT [dbo].[Coach_Customer] ([id], [coach_id], [user_id], [start_date], [end_date]) VALUES (50, N'C049', N'TH050', CAST(N'2021-12-25' AS Date), CAST(N'2022-12-25' AS Date))
INSERT [dbo].[Coach_Customer] ([id], [coach_id], [user_id], [start_date], [end_date]) VALUES (51, N'C050', N'TH001', CAST(N'2023-01-01' AS Date), CAST(N'2023-12-31' AS Date))
SET IDENTITY_INSERT [dbo].[Coach_Customer] OFF
GO
INSERT [dbo].[Coaches] ([coach_id], [first_name], [Last_name], [specialization], [experience_years], [certification], [reigon], [contact_email], [contact_number]) VALUES (N'C001', N'John', N'Doe', N'Fitness', 10, N'Certified Personal Trainer', N'Northeast', N'john.doe@example.com', N'123-456-7890')
INSERT [dbo].[Coaches] ([coach_id], [first_name], [Last_name], [specialization], [experience_years], [certification], [reigon], [contact_email], [contact_number]) VALUES (N'C002', N'Jane', N'Smith', N'Nutrition', 8, N'Nutrition Specialist', N'Southeast', N'jane.smith@example.com', N'555-123-4567')
INSERT [dbo].[Coaches] ([coach_id], [first_name], [Last_name], [specialization], [experience_years], [certification], [reigon], [contact_email], [contact_number]) VALUES (N'C003', N'Mike', N'Johnson', N'Yoga', 5, N'Yoga Instructor', N'West', N'mike.johnson@example.com', N'987-654-3210')
INSERT [dbo].[Coaches] ([coach_id], [first_name], [Last_name], [specialization], [experience_years], [certification], [reigon], [contact_email], [contact_number]) VALUES (N'C004', N'Emily', N'Brown', N'Fitness', 7, N'Certified Personal Trainer', N'Southeast', N'emily.brown@example.com', N'234-567-8901')
INSERT [dbo].[Coaches] ([coach_id], [first_name], [Last_name], [specialization], [experience_years], [certification], [reigon], [contact_email], [contact_number]) VALUES (N'C005', N'Robert', N'Davis', N'Cardio', 9, N'Cardio Specialist', N'Northeast', N'robert.davis@example.com', N'345-678-9012')
INSERT [dbo].[Coaches] ([coach_id], [first_name], [Last_name], [specialization], [experience_years], [certification], [reigon], [contact_email], [contact_number]) VALUES (N'C006', N'Jessica', N'Martinez', N'Strength Training', 6, N'Strength Specialist', N'West', N'jessica.martinez@example.com', N'456-789-0123')
INSERT [dbo].[Coaches] ([coach_id], [first_name], [Last_name], [specialization], [experience_years], [certification], [reigon], [contact_email], [contact_number]) VALUES (N'C007', N'Thomas', N'Garcia', N'Flexibility', 4, N'Flexibility Instructor', N'Southeast', N'thomas.garcia@example.com', N'567-890-1234')
INSERT [dbo].[Coaches] ([coach_id], [first_name], [Last_name], [specialization], [experience_years], [certification], [reigon], [contact_email], [contact_number]) VALUES (N'C008', N'Sarah', N'Taylor', N'Pilates', 11, N'Pilates Instructor', N'Northeast', N'sarah.taylor@example.com', N'123-567-8901')
INSERT [dbo].[Coaches] ([coach_id], [first_name], [Last_name], [specialization], [experience_years], [certification], [reigon], [contact_email], [contact_number]) VALUES (N'C009', N'Mark', N'Clark', N'CrossFit', 12, N'CrossFit Trainer', N'West', N'mark.clark@example.com', N'654-321-0987')
INSERT [dbo].[Coaches] ([coach_id], [first_name], [Last_name], [specialization], [experience_years], [certification], [reigon], [contact_email], [contact_number]) VALUES (N'C010', N'Laura', N'Lewis', N'Weight Loss', 14, N'Certified Health Coach', N'Southeast', N'laura.lewis@example.com', N'765-432-1098')
INSERT [dbo].[Coaches] ([coach_id], [first_name], [Last_name], [specialization], [experience_years], [certification], [reigon], [contact_email], [contact_number]) VALUES (N'C011', N'Daniel', N'Robinson', N'Fitness', 3, N'Certified Personal Trainer', N'Northeast', N'daniel.robinson@example.com', N'876-543-2109')
INSERT [dbo].[Coaches] ([coach_id], [first_name], [Last_name], [specialization], [experience_years], [certification], [reigon], [contact_email], [contact_number]) VALUES (N'C012', N'Karen', N'Walker', N'Strength Training', 8, N'Strength Specialist', N'West', N'karen.walker@example.com', N'987-654-1230')
INSERT [dbo].[Coaches] ([coach_id], [first_name], [Last_name], [specialization], [experience_years], [certification], [reigon], [contact_email], [contact_number]) VALUES (N'C013', N'Nancy', N'Perez', N'Yoga', 5, N'Yoga Instructor', N'Southeast', N'nancy.perez@example.com', N'234-567-8902')
INSERT [dbo].[Coaches] ([coach_id], [first_name], [Last_name], [specialization], [experience_years], [certification], [reigon], [contact_email], [contact_number]) VALUES (N'C014', N'Paul', N'Young', N'Cardio', 6, N'Cardio Specialist', N'Northeast', N'paul.young@example.com', N'345-678-9013')
INSERT [dbo].[Coaches] ([coach_id], [first_name], [Last_name], [specialization], [experience_years], [certification], [reigon], [contact_email], [contact_number]) VALUES (N'C015', N'Betty', N'Harris', N'Flexibility', 4, N'Flexibility Instructor', N'West', N'betty.harris@example.com', N'456-789-0124')
INSERT [dbo].[Coaches] ([coach_id], [first_name], [Last_name], [specialization], [experience_years], [certification], [reigon], [contact_email], [contact_number]) VALUES (N'C016', N'Steven', N'Hill', N'Pilates', 10, N'Pilates Instructor', N'Southeast', N'steven.hill@example.com', N'567-890-1235')
INSERT [dbo].[Coaches] ([coach_id], [first_name], [Last_name], [specialization], [experience_years], [certification], [reigon], [contact_email], [contact_number]) VALUES (N'C017', N'Maria', N'Scott', N'Weight Loss', 13, N'Certified Health Coach', N'Northeast', N'maria.scott@example.com', N'234-567-8903')
INSERT [dbo].[Coaches] ([coach_id], [first_name], [Last_name], [specialization], [experience_years], [certification], [reigon], [contact_email], [contact_number]) VALUES (N'C018', N'Tracy', N'Green', N'Fitness', 9, N'Certified Personal Trainer', N'West', N'tracy.green@example.com', N'345-678-9014')
INSERT [dbo].[Coaches] ([coach_id], [first_name], [Last_name], [specialization], [experience_years], [certification], [reigon], [contact_email], [contact_number]) VALUES (N'C019', N'Gregory', N'Adams', N'Nutrition', 8, N'Nutrition Specialist', N'Southeast', N'gregory.adams@example.com', N'456-789-0125')
INSERT [dbo].[Coaches] ([coach_id], [first_name], [Last_name], [specialization], [experience_years], [certification], [reigon], [contact_email], [contact_number]) VALUES (N'C020', N'Angela', N'Baker', N'Yoga', 7, N'Yoga Instructor', N'Northeast', N'angela.baker@example.com', N'567-890-1236')
INSERT [dbo].[Coaches] ([coach_id], [first_name], [Last_name], [specialization], [experience_years], [certification], [reigon], [contact_email], [contact_number]) VALUES (N'C021', N'Edward', N'Nelson', N'Cardio', 6, N'Cardio Specialist', N'West', N'edward.nelson@example.com', N'234-567-8904')
INSERT [dbo].[Coaches] ([coach_id], [first_name], [Last_name], [specialization], [experience_years], [certification], [reigon], [contact_email], [contact_number]) VALUES (N'C022', N'Barbara', N'Carter', N'Strength Training', 5, N'Strength Specialist', N'Northeast', N'barbara.carter@example.com', N'345-678-9015')
INSERT [dbo].[Coaches] ([coach_id], [first_name], [Last_name], [specialization], [experience_years], [certification], [reigon], [contact_email], [contact_number]) VALUES (N'C023', N'Christopher', N'Mitchell', N'Flexibility', 4, N'Flexibility Instructor', N'Southeast', N'christopher.mitchell@example.com', N'456-789-0126')
INSERT [dbo].[Coaches] ([coach_id], [first_name], [Last_name], [specialization], [experience_years], [certification], [reigon], [contact_email], [contact_number]) VALUES (N'C024', N'Elizabeth', N'Perez', N'Pilates', 3, N'Pilates Instructor', N'West', N'elizabeth.perez@example.com', N'567-890-1237')
INSERT [dbo].[Coaches] ([coach_id], [first_name], [Last_name], [specialization], [experience_years], [certification], [reigon], [contact_email], [contact_number]) VALUES (N'C025', N'Joshua', N'Roberts', N'Weight Loss', 13, N'Certified Health Coach', N'Northeast', N'joshua.roberts@example.com', N'234-567-8905')
INSERT [dbo].[Coaches] ([coach_id], [first_name], [Last_name], [specialization], [experience_years], [certification], [reigon], [contact_email], [contact_number]) VALUES (N'C026', N'Helen', N'Turner', N'Fitness', 10, N'Certified Personal Trainer', N'West', N'helen.turner@example.com', N'345-678-9016')
INSERT [dbo].[Coaches] ([coach_id], [first_name], [Last_name], [specialization], [experience_years], [certification], [reigon], [contact_email], [contact_number]) VALUES (N'C027', N'Timothy', N'Phillips', N'Nutrition', 6, N'Nutrition Specialist', N'Southeast', N'timothy.phillips@example.com', N'456-789-0127')
INSERT [dbo].[Coaches] ([coach_id], [first_name], [Last_name], [specialization], [experience_years], [certification], [reigon], [contact_email], [contact_number]) VALUES (N'C028', N'Sandra', N'Campbell', N'Yoga', 8, N'Yoga Instructor', N'West', N'sandra.campbell@example.com', N'567-890-1238')
INSERT [dbo].[Coaches] ([coach_id], [first_name], [Last_name], [specialization], [experience_years], [certification], [reigon], [contact_email], [contact_number]) VALUES (N'C029', N'Susan', N'Parker', N'Cardio', 9, N'Cardio Specialist', N'Northeast', N'susan.parker@example.com', N'234-567-8906')
INSERT [dbo].[Coaches] ([coach_id], [first_name], [Last_name], [specialization], [experience_years], [certification], [reigon], [contact_email], [contact_number]) VALUES (N'C030', N'Matthew', N'Evans', N'Strength Training', 7, N'Strength Specialist', N'West', N'matthew.evans@example.com', N'345-678-9017')
INSERT [dbo].[Coaches] ([coach_id], [first_name], [Last_name], [specialization], [experience_years], [certification], [reigon], [contact_email], [contact_number]) VALUES (N'C031', N'Debra', N'Edwards', N'Flexibility', 5, N'Flexibility Instructor', N'Southeast', N'debra.edwards@example.com', N'456-789-0128')
INSERT [dbo].[Coaches] ([coach_id], [first_name], [Last_name], [specialization], [experience_years], [certification], [reigon], [contact_email], [contact_number]) VALUES (N'C032', N'Kevin', N'Collins', N'Pilates', 4, N'Pilates Instructor', N'West', N'kevin.collins@example.com', N'567-890-1239')
INSERT [dbo].[Coaches] ([coach_id], [first_name], [Last_name], [specialization], [experience_years], [certification], [reigon], [contact_email], [contact_number]) VALUES (N'C033', N'Lori', N'Stewart', N'Weight Loss', 13, N'Certified Health Coach', N'Northeast', N'lori.stewart@example.com', N'234-567-8907')
INSERT [dbo].[Coaches] ([coach_id], [first_name], [Last_name], [specialization], [experience_years], [certification], [reigon], [contact_email], [contact_number]) VALUES (N'C034', N'Raymond', N'Sanchez', N'Fitness', 9, N'Certified Personal Trainer', N'West', N'raymond.sanchez@example.com', N'345-678-9018')
INSERT [dbo].[Coaches] ([coach_id], [first_name], [Last_name], [specialization], [experience_years], [certification], [reigon], [contact_email], [contact_number]) VALUES (N'C035', N'Annie', N'Morris', N'Nutrition', 7, N'Nutrition Specialist', N'Southeast', N'annie.morris@example.com', N'456-789-0129')
INSERT [dbo].[Coaches] ([coach_id], [first_name], [Last_name], [specialization], [experience_years], [certification], [reigon], [contact_email], [contact_number]) VALUES (N'C036', N'Jack', N'Rogers', N'Yoga', 6, N'Yoga Instructor', N'West', N'jack.rogers@example.com', N'567-890-1240')
INSERT [dbo].[Coaches] ([coach_id], [first_name], [Last_name], [specialization], [experience_years], [certification], [reigon], [contact_email], [contact_number]) VALUES (N'C037', N'Kathy', N'Reed', N'Cardio', 5, N'Cardio Specialist', N'Northeast', N'kathy.reed@example.com', N'234-567-8908')
INSERT [dbo].[Coaches] ([coach_id], [first_name], [Last_name], [specialization], [experience_years], [certification], [reigon], [contact_email], [contact_number]) VALUES (N'C038', N'Brian', N'Cook', N'Strength Training', 8, N'Strength Specialist', N'West', N'brian.cook@example.com', N'345-678-9019')
INSERT [dbo].[Coaches] ([coach_id], [first_name], [Last_name], [specialization], [experience_years], [certification], [reigon], [contact_email], [contact_number]) VALUES (N'C039', N'Virginia', N'Walker', N'Flexibility', 4, N'Flexibility Instructor', N'Northeast', N'virginia.walker@example.com', N'456-789-0130')
INSERT [dbo].[Coaches] ([coach_id], [first_name], [Last_name], [specialization], [experience_years], [certification], [reigon], [contact_email], [contact_number]) VALUES (N'C040', N'Donald', N'Howard', N'Fitness', 10, N'Certified Personal Trainer', N'West', N'donald.howard@example.com', N'567-890-1241')
INSERT [dbo].[Coaches] ([coach_id], [first_name], [Last_name], [specialization], [experience_years], [certification], [reigon], [contact_email], [contact_number]) VALUES (N'C041', N'Ashley', N'Barnes', N'Weight Loss', 12, N'Certified Health Coach', N'Southeast', N'ashley.barnes@example.com', N'234-567-8909')
INSERT [dbo].[Coaches] ([coach_id], [first_name], [Last_name], [specialization], [experience_years], [certification], [reigon], [contact_email], [contact_number]) VALUES (N'C042', N'Shirley', N'Long', N'Pilates', 9, N'Pilates Instructor', N'West', N'shirley.long@example.com', N'345-678-9020')
INSERT [dbo].[Coaches] ([coach_id], [first_name], [Last_name], [specialization], [experience_years], [certification], [reigon], [contact_email], [contact_number]) VALUES (N'C043', N'Gary', N'Wright', N'Nutrition', 8, N'Nutrition Specialist', N'West', N'gary.wright@example.com', N'456-789-0131')
INSERT [dbo].[Coaches] ([coach_id], [first_name], [Last_name], [specialization], [experience_years], [certification], [reigon], [contact_email], [contact_number]) VALUES (N'C044', N'Ellen', N'King', N'Cardio', 7, N'Cardio Specialist', N'Northeast', N'ellen.king@example.com', N'234-567-8910')
INSERT [dbo].[Coaches] ([coach_id], [first_name], [Last_name], [specialization], [experience_years], [certification], [reigon], [contact_email], [contact_number]) VALUES (N'C045', N'Patrick', N'Rivera', N'Flexibility', 6, N'Flexibility Instructor', N'West', N'patrick.rivera@example.com', N'345-678-9021')
INSERT [dbo].[Coaches] ([coach_id], [first_name], [Last_name], [specialization], [experience_years], [certification], [reigon], [contact_email], [contact_number]) VALUES (N'C046', N'Rachel', N'Morgan', N'Yoga', 5, N'Yoga Instructor', N'West', N'rachel.morgan@example.com', N'456-789-0132')
INSERT [dbo].[Coaches] ([coach_id], [first_name], [Last_name], [specialization], [experience_years], [certification], [reigon], [contact_email], [contact_number]) VALUES (N'C047', N'Dorothy', N'Lee', N'Strength Training', 4, N'Strength Specialist', N'Southeast', N'dorothy.lee@example.com', N'567-890-1242')
INSERT [dbo].[Coaches] ([coach_id], [first_name], [Last_name], [specialization], [experience_years], [certification], [reigon], [contact_email], [contact_number]) VALUES (N'C048', N'Jason', N'Cox', N'Fitness', 3, N'Certified Personal Trainer', N'West', N'jason.cox@example.com', N'234-567-8911')
INSERT [dbo].[Coaches] ([coach_id], [first_name], [Last_name], [specialization], [experience_years], [certification], [reigon], [contact_email], [contact_number]) VALUES (N'C049', N'Margaret', N'Gray', N'Weight Loss', 12, N'Certified Health Coach', N'West', N'margaret.gray@example.com', N'345-678-9022')
INSERT [dbo].[Coaches] ([coach_id], [first_name], [Last_name], [specialization], [experience_years], [certification], [reigon], [contact_email], [contact_number]) VALUES (N'C050', N'Greg', N'Ruiz', N'Fitness', 5, N'Certified Personal Trainer', N'West', N'greg.ruiz@example.com', N'456-789-0133')
GO
INSERT [dbo].[Customers] ([user_id], [age], [gender], [occupation], [income_bracket], [registration_date], [subscription_type], [location_id]) VALUES (N'TH001', 34, N'F', N'Software Engineer', N'75K-100K', CAST(N'2022-01-15' AS Date), N'Premium', 7)
INSERT [dbo].[Customers] ([user_id], [age], [gender], [occupation], [income_bracket], [registration_date], [subscription_type], [location_id]) VALUES (N'TH002', 45, N'M', N'Project Manager', N'100K-150K', CAST(N'2021-11-30' AS Date), N'Basic', 6)
INSERT [dbo].[Customers] ([user_id], [age], [gender], [occupation], [income_bracket], [registration_date], [subscription_type], [location_id]) VALUES (N'TH003', 28, N'F', N'Data Analyst', N'50K-75K', CAST(N'2022-03-22' AS Date), N'Premium', 36)
INSERT [dbo].[Customers] ([user_id], [age], [gender], [occupation], [income_bracket], [registration_date], [subscription_type], [location_id]) VALUES (N'TH004', 52, N'M', N'CEO', N'200K+', CAST(N'2021-08-15' AS Date), N'Enterprise', 26)
INSERT [dbo].[Customers] ([user_id], [age], [gender], [occupation], [income_bracket], [registration_date], [subscription_type], [location_id]) VALUES (N'TH005', 29, N'F', N'Product Manager', N'100K-150K', CAST(N'2022-02-28' AS Date), N'Premium', 34)
INSERT [dbo].[Customers] ([user_id], [age], [gender], [occupation], [income_bracket], [registration_date], [subscription_type], [location_id]) VALUES (N'TH006', 41, N'M', N'Sales Director', N'150K-200K', CAST(N'2021-12-05' AS Date), N'Enterprise', 9)
INSERT [dbo].[Customers] ([user_id], [age], [gender], [occupation], [income_bracket], [registration_date], [subscription_type], [location_id]) VALUES (N'TH007', 33, N'F', N'Marketing Manager', N'75K-100K', CAST(N'2022-04-10' AS Date), N'Basic', 40)
INSERT [dbo].[Customers] ([user_id], [age], [gender], [occupation], [income_bracket], [registration_date], [subscription_type], [location_id]) VALUES (N'TH008', 38, N'M', N'Business Analyst', N'75K-100K', CAST(N'2022-01-20' AS Date), N'Premium', 38)
INSERT [dbo].[Customers] ([user_id], [age], [gender], [occupation], [income_bracket], [registration_date], [subscription_type], [location_id]) VALUES (N'TH009', 26, N'F', N'UX Designer', N'50K-75K', CAST(N'2022-05-15' AS Date), N'Basic', 35)
INSERT [dbo].[Customers] ([user_id], [age], [gender], [occupation], [income_bracket], [registration_date], [subscription_type], [location_id]) VALUES (N'TH010', 47, N'M', N'IT Director', N'150K-200K', CAST(N'2021-09-30' AS Date), N'Enterprise', 4)
INSERT [dbo].[Customers] ([user_id], [age], [gender], [occupation], [income_bracket], [registration_date], [subscription_type], [location_id]) VALUES (N'TH011', 31, N'F', N'HR Manager', N'75K-100K', CAST(N'2022-03-01' AS Date), N'Premium', 21)
INSERT [dbo].[Customers] ([user_id], [age], [gender], [occupation], [income_bracket], [registration_date], [subscription_type], [location_id]) VALUES (N'TH012', 44, N'M', N'Consultant', N'100K-150K', CAST(N'2021-10-15' AS Date), N'Basic', 41)
INSERT [dbo].[Customers] ([user_id], [age], [gender], [occupation], [income_bracket], [registration_date], [subscription_type], [location_id]) VALUES (N'TH013', 36, N'F', N'Developer', N'50K-75K', CAST(N'2022-02-14' AS Date), N'Premium', 14)
INSERT [dbo].[Customers] ([user_id], [age], [gender], [occupation], [income_bracket], [registration_date], [subscription_type], [location_id]) VALUES (N'TH014', 50, N'M', N'CFO', N'200K+', CAST(N'2021-11-01' AS Date), N'Enterprise', 22)
INSERT [dbo].[Customers] ([user_id], [age], [gender], [occupation], [income_bracket], [registration_date], [subscription_type], [location_id]) VALUES (N'TH015', 27, N'F', N'Content Writer', N'Under 50K', CAST(N'2022-06-01' AS Date), N'Basic', 31)
INSERT [dbo].[Customers] ([user_id], [age], [gender], [occupation], [income_bracket], [registration_date], [subscription_type], [location_id]) VALUES (N'TH016', 42, N'M', N'Sales Manager', N'100K-150K', CAST(N'2022-01-05' AS Date), N'Premium', 11)
INSERT [dbo].[Customers] ([user_id], [age], [gender], [occupation], [income_bracket], [registration_date], [subscription_type], [location_id]) VALUES (N'TH017', 30, N'F', N'Teacher', N'50K-75K', CAST(N'2022-04-22' AS Date), N'Basic', 20)
INSERT [dbo].[Customers] ([user_id], [age], [gender], [occupation], [income_bracket], [registration_date], [subscription_type], [location_id]) VALUES (N'TH018', 39, N'M', N'Engineer', N'75K-100K', CAST(N'2021-12-15' AS Date), N'Premium', 17)
INSERT [dbo].[Customers] ([user_id], [age], [gender], [occupation], [income_bracket], [registration_date], [subscription_type], [location_id]) VALUES (N'TH019', 28, N'F', N'Designer', N'50K-75K', CAST(N'2022-03-30' AS Date), N'Basic', 28)
INSERT [dbo].[Customers] ([user_id], [age], [gender], [occupation], [income_bracket], [registration_date], [subscription_type], [location_id]) VALUES (N'TH020', 46, N'M', N'Architect', N'100K-150K', CAST(N'2021-10-30' AS Date), N'Premium', 12)
INSERT [dbo].[Customers] ([user_id], [age], [gender], [occupation], [income_bracket], [registration_date], [subscription_type], [location_id]) VALUES (N'TH021', 32, N'F', N'Researcher', N'50K-75K', CAST(N'2022-02-01' AS Date), N'Basic', 6)
INSERT [dbo].[Customers] ([user_id], [age], [gender], [occupation], [income_bracket], [registration_date], [subscription_type], [location_id]) VALUES (N'TH022', 43, N'M', N'Director', N'150K-200K', CAST(N'2021-09-15' AS Date), N'Enterprise', 30)
INSERT [dbo].[Customers] ([user_id], [age], [gender], [occupation], [income_bracket], [registration_date], [subscription_type], [location_id]) VALUES (N'TH023', 35, N'F', N'Manager', N'50K-75K', CAST(N'2022-05-01' AS Date), N'Premium', 24)
INSERT [dbo].[Customers] ([user_id], [age], [gender], [occupation], [income_bracket], [registration_date], [subscription_type], [location_id]) VALUES (N'TH024', 48, N'M', N'Executive', N'150K-200K', CAST(N'2021-11-15' AS Date), N'Enterprise', 2)
INSERT [dbo].[Customers] ([user_id], [age], [gender], [occupation], [income_bracket], [registration_date], [subscription_type], [location_id]) VALUES (N'TH025', 25, N'F', N'Analyst', N'Under 50K', CAST(N'2022-06-15' AS Date), N'Basic', 39)
INSERT [dbo].[Customers] ([user_id], [age], [gender], [occupation], [income_bracket], [registration_date], [subscription_type], [location_id]) VALUES (N'TH026', 40, N'M', N'Developer', N'75K-100K', CAST(N'2022-01-10' AS Date), N'Premium', 33)
INSERT [dbo].[Customers] ([user_id], [age], [gender], [occupation], [income_bracket], [registration_date], [subscription_type], [location_id]) VALUES (N'TH027', 34, N'F', N'Consultant', N'75K-100K', CAST(N'2022-03-15' AS Date), N'Premium', 1)
INSERT [dbo].[Customers] ([user_id], [age], [gender], [occupation], [income_bracket], [registration_date], [subscription_type], [location_id]) VALUES (N'TH028', 51, N'M', N'CEO', N'200K+', CAST(N'2021-08-30' AS Date), N'Enterprise', 18)
INSERT [dbo].[Customers] ([user_id], [age], [gender], [occupation], [income_bracket], [registration_date], [subscription_type], [location_id]) VALUES (N'TH029', 29, N'F', N'Designer', N'50K-75K', CAST(N'2022-04-05' AS Date), N'Basic', 40)
INSERT [dbo].[Customers] ([user_id], [age], [gender], [occupation], [income_bracket], [registration_date], [subscription_type], [location_id]) VALUES (N'TH030', 37, N'M', N'Product Manager', N'100K-150K', CAST(N'2021-12-20' AS Date), N'Premium', 35)
INSERT [dbo].[Customers] ([user_id], [age], [gender], [occupation], [income_bracket], [registration_date], [subscription_type], [location_id]) VALUES (N'TH031', 33, N'F', N'Engineer', N'75K-100K', CAST(N'2022-02-15' AS Date), N'Premium', 37)
INSERT [dbo].[Customers] ([user_id], [age], [gender], [occupation], [income_bracket], [registration_date], [subscription_type], [location_id]) VALUES (N'TH032', 45, N'M', N'Director', N'150K-200K', CAST(N'2021-10-01' AS Date), N'Enterprise', 7)
INSERT [dbo].[Customers] ([user_id], [age], [gender], [occupation], [income_bracket], [registration_date], [subscription_type], [location_id]) VALUES (N'TH033', 28, N'F', N'Analyst', N'50K-75K', CAST(N'2022-05-20' AS Date), N'Basic', 27)
INSERT [dbo].[Customers] ([user_id], [age], [gender], [occupation], [income_bracket], [registration_date], [subscription_type], [location_id]) VALUES (N'TH034', 44, N'M', N'Manager', N'100K-150K', CAST(N'2021-11-20' AS Date), N'Premium', 29)
INSERT [dbo].[Customers] ([user_id], [age], [gender], [occupation], [income_bracket], [registration_date], [subscription_type], [location_id]) VALUES (N'TH035', 31, N'F', N'Developer', N'75K-100K', CAST(N'2022-03-10' AS Date), N'Premium', 10)
INSERT [dbo].[Customers] ([user_id], [age], [gender], [occupation], [income_bracket], [registration_date], [subscription_type], [location_id]) VALUES (N'TH036', 49, N'M', N'Executive', N'150K-200K', CAST(N'2021-09-01' AS Date), N'Enterprise', 31)
INSERT [dbo].[Customers] ([user_id], [age], [gender], [occupation], [income_bracket], [registration_date], [subscription_type], [location_id]) VALUES (N'TH037', 27, N'F', N'Designer', N'Under 50K', CAST(N'2022-06-10' AS Date), N'Basic', 16)
INSERT [dbo].[Customers] ([user_id], [age], [gender], [occupation], [income_bracket], [registration_date], [subscription_type], [location_id]) VALUES (N'TH038', 41, N'M', N'Sales Manager', N'100K-150K', CAST(N'2022-01-25' AS Date), N'Premium', 22)
INSERT [dbo].[Customers] ([user_id], [age], [gender], [occupation], [income_bracket], [registration_date], [subscription_type], [location_id]) VALUES (N'TH039', 36, N'F', N'Consultant', N'75K-100K', CAST(N'2022-04-15' AS Date), N'Premium', 8)
INSERT [dbo].[Customers] ([user_id], [age], [gender], [occupation], [income_bracket], [registration_date], [subscription_type], [location_id]) VALUES (N'TH040', 53, N'M', N'CTO', N'200K+', CAST(N'2021-08-01' AS Date), N'Enterprise', 9)
INSERT [dbo].[Customers] ([user_id], [age], [gender], [occupation], [income_bracket], [registration_date], [subscription_type], [location_id]) VALUES (N'TH041', 30, N'F', N'Analyst', N'50K-75K', CAST(N'2022-05-05' AS Date), N'Basic', 42)
INSERT [dbo].[Customers] ([user_id], [age], [gender], [occupation], [income_bracket], [registration_date], [subscription_type], [location_id]) VALUES (N'TH042', 42, N'M', N'Director', N'150K-200K', CAST(N'2021-12-10' AS Date), N'Enterprise', 17)
INSERT [dbo].[Customers] ([user_id], [age], [gender], [occupation], [income_bracket], [registration_date], [subscription_type], [location_id]) VALUES (N'TH043', 32, N'F', N'Manager', N'75K-100K', CAST(N'2022-02-20' AS Date), N'Premium', 19)
INSERT [dbo].[Customers] ([user_id], [age], [gender], [occupation], [income_bracket], [registration_date], [subscription_type], [location_id]) VALUES (N'TH044', 46, N'M', N'Engineer', N'100K-150K', CAST(N'2021-10-20' AS Date), N'Premium', 34)
INSERT [dbo].[Customers] ([user_id], [age], [gender], [occupation], [income_bracket], [registration_date], [subscription_type], [location_id]) VALUES (N'TH045', 29, N'F', N'Designer', N'50K-75K', CAST(N'2022-03-25' AS Date), N'Basic', 32)
INSERT [dbo].[Customers] ([user_id], [age], [gender], [occupation], [income_bracket], [registration_date], [subscription_type], [location_id]) VALUES (N'TH046', 38, N'M', N'Manager', N'75K-100K', CAST(N'2022-01-30' AS Date), N'Premium', 13)
INSERT [dbo].[Customers] ([user_id], [age], [gender], [occupation], [income_bracket], [registration_date], [subscription_type], [location_id]) VALUES (N'TH047', 35, N'F', N'Analyst', N'100K-150K', CAST(N'2022-04-20' AS Date), N'Premium', 43)
INSERT [dbo].[Customers] ([user_id], [age], [gender], [occupation], [income_bracket], [registration_date], [subscription_type], [location_id]) VALUES (N'TH048', 47, N'M', N'Director', N'150K-200K', CAST(N'2021-11-10' AS Date), N'Enterprise', 23)
INSERT [dbo].[Customers] ([user_id], [age], [gender], [occupation], [income_bracket], [registration_date], [subscription_type], [location_id]) VALUES (N'TH049', 26, N'F', N'Developer', N'Under 50K', CAST(N'2022-06-05' AS Date), N'Basic', 5)
INSERT [dbo].[Customers] ([user_id], [age], [gender], [occupation], [income_bracket], [registration_date], [subscription_type], [location_id]) VALUES (N'TH050', 43, N'M', N'Product Manager', N'100K-150K', CAST(N'2021-12-25' AS Date), N'Premium', 35)
INSERT [dbo].[Customers] ([user_id], [age], [gender], [occupation], [income_bracket], [registration_date], [subscription_type], [location_id]) VALUES (N'TH051', 28, N'F', N'Content Writer', N'50K-75K', CAST(N'2026-01-26' AS Date), N'Basic', 25)
INSERT [dbo].[Customers] ([user_id], [age], [gender], [occupation], [income_bracket], [registration_date], [subscription_type], [location_id]) VALUES (N'TH052', 40, N'M', N'Business Consultant', N'100K-150K', CAST(N'2026-01-26' AS Date), N'Premium', 15)
INSERT [dbo].[Customers] ([user_id], [age], [gender], [occupation], [income_bracket], [registration_date], [subscription_type], [location_id]) VALUES (N'TH053', 35, N'F', N'Marketing Specialist', N'75K-100K', CAST(N'2026-01-26' AS Date), N'Premium', 3)
GO
INSERT [dbo].[Devices] ([device_id], [user_id], [device_type], [purchase_date], [last_sync_date], [firmware_version], [battery_life_days], [sync_frequency_daily], [active_hours_daily], [total_steps_recorded], [total_workouts_recorded], [sleep_tracking_enabled], [heart_rate_monitoring_enabled], [gps_enabled], [notification_enabled], [device_status]) VALUES (N'DEV001', N'TH001', N'HealthTrack Pro', CAST(N'2022-01-15' AS Date), CAST(N'2023-06-15' AS Date), N'v3.2.1', CAST(5.2 AS Decimal(3, 1)), 24, CAST(16.5 AS Decimal(3, 1)), 2345678, 156, 1, 1, 1, 1, N'Active')
INSERT [dbo].[Devices] ([device_id], [user_id], [device_type], [purchase_date], [last_sync_date], [firmware_version], [battery_life_days], [sync_frequency_daily], [active_hours_daily], [total_steps_recorded], [total_workouts_recorded], [sleep_tracking_enabled], [heart_rate_monitoring_enabled], [gps_enabled], [notification_enabled], [device_status]) VALUES (N'DEV002', N'TH002', N'HealthTrack Lite', CAST(N'2021-11-30' AS Date), CAST(N'2023-06-15' AS Date), N'v3.1.2', CAST(7.0 AS Decimal(3, 1)), 12, CAST(12.8 AS Decimal(3, 1)), 1234567, 89, 1, 1, 0, 1, N'Active')
INSERT [dbo].[Devices] ([device_id], [user_id], [device_type], [purchase_date], [last_sync_date], [firmware_version], [battery_life_days], [sync_frequency_daily], [active_hours_daily], [total_steps_recorded], [total_workouts_recorded], [sleep_tracking_enabled], [heart_rate_monitoring_enabled], [gps_enabled], [notification_enabled], [device_status]) VALUES (N'DEV003', N'TH003', N'HealthTrack Pro', CAST(N'2022-03-22' AS Date), CAST(N'2023-06-15' AS Date), N'v3.2.1', CAST(4.8 AS Decimal(3, 1)), 24, CAST(18.2 AS Decimal(3, 1)), 1876543, 201, 1, 1, 1, 1, N'Active')
INSERT [dbo].[Devices] ([device_id], [user_id], [device_type], [purchase_date], [last_sync_date], [firmware_version], [battery_life_days], [sync_frequency_daily], [active_hours_daily], [total_steps_recorded], [total_workouts_recorded], [sleep_tracking_enabled], [heart_rate_monitoring_enabled], [gps_enabled], [notification_enabled], [device_status]) VALUES (N'DEV004', N'TH004', N'HealthTrack Elite', CAST(N'2021-08-15' AS Date), CAST(N'2023-06-15' AS Date), N'v3.2.1', CAST(4.5 AS Decimal(3, 1)), 48, CAST(14.7 AS Decimal(3, 1)), 3456789, 312, 1, 1, 1, 1, N'Active')
INSERT [dbo].[Devices] ([device_id], [user_id], [device_type], [purchase_date], [last_sync_date], [firmware_version], [battery_life_days], [sync_frequency_daily], [active_hours_daily], [total_steps_recorded], [total_workouts_recorded], [sleep_tracking_enabled], [heart_rate_monitoring_enabled], [gps_enabled], [notification_enabled], [device_status]) VALUES (N'DEV005', N'TH005', N'HealthTrack Pro', CAST(N'2022-02-28' AS Date), CAST(N'2023-06-15' AS Date), N'v3.2.1', CAST(5.0 AS Decimal(3, 1)), 24, CAST(15.9 AS Decimal(3, 1)), 2123456, 178, 1, 1, 1, 1, N'Active')
INSERT [dbo].[Devices] ([device_id], [user_id], [device_type], [purchase_date], [last_sync_date], [firmware_version], [battery_life_days], [sync_frequency_daily], [active_hours_daily], [total_steps_recorded], [total_workouts_recorded], [sleep_tracking_enabled], [heart_rate_monitoring_enabled], [gps_enabled], [notification_enabled], [device_status]) VALUES (N'DEV006', N'TH006', N'HealthTrack Elite', CAST(N'2021-12-05' AS Date), CAST(N'2023-06-15' AS Date), N'v3.2.1', CAST(4.6 AS Decimal(3, 1)), 48, CAST(13.5 AS Decimal(3, 1)), 4567890, 245, 1, 1, 1, 1, N'Active')
INSERT [dbo].[Devices] ([device_id], [user_id], [device_type], [purchase_date], [last_sync_date], [firmware_version], [battery_life_days], [sync_frequency_daily], [active_hours_daily], [total_steps_recorded], [total_workouts_recorded], [sleep_tracking_enabled], [heart_rate_monitoring_enabled], [gps_enabled], [notification_enabled], [device_status]) VALUES (N'DEV007', N'TH007', N'HealthTrack Lite', CAST(N'2022-04-10' AS Date), CAST(N'2023-06-15' AS Date), N'v3.1.2', CAST(6.8 AS Decimal(3, 1)), 12, CAST(11.2 AS Decimal(3, 1)), 987654, 67, 1, 1, 0, 1, N'Active')
INSERT [dbo].[Devices] ([device_id], [user_id], [device_type], [purchase_date], [last_sync_date], [firmware_version], [battery_life_days], [sync_frequency_daily], [active_hours_daily], [total_steps_recorded], [total_workouts_recorded], [sleep_tracking_enabled], [heart_rate_monitoring_enabled], [gps_enabled], [notification_enabled], [device_status]) VALUES (N'DEV008', N'TH008', N'HealthTrack Pro', CAST(N'2022-01-20' AS Date), CAST(N'2023-06-15' AS Date), N'v3.2.1', CAST(5.1 AS Decimal(3, 1)), 24, CAST(17.3 AS Decimal(3, 1)), 2789012, 198, 1, 1, 1, 1, N'Active')
INSERT [dbo].[Devices] ([device_id], [user_id], [device_type], [purchase_date], [last_sync_date], [firmware_version], [battery_life_days], [sync_frequency_daily], [active_hours_daily], [total_steps_recorded], [total_workouts_recorded], [sleep_tracking_enabled], [heart_rate_monitoring_enabled], [gps_enabled], [notification_enabled], [device_status]) VALUES (N'DEV009', N'TH009', N'HealthTrack Lite', CAST(N'2022-05-15' AS Date), CAST(N'2023-06-14' AS Date), N'v3.1.2', CAST(7.2 AS Decimal(3, 1)), 12, CAST(10.5 AS Decimal(3, 1)), 654321, 45, 1, 1, 0, 1, N'Inactive')
INSERT [dbo].[Devices] ([device_id], [user_id], [device_type], [purchase_date], [last_sync_date], [firmware_version], [battery_life_days], [sync_frequency_daily], [active_hours_daily], [total_steps_recorded], [total_workouts_recorded], [sleep_tracking_enabled], [heart_rate_monitoring_enabled], [gps_enabled], [notification_enabled], [device_status]) VALUES (N'DEV010', N'TH010', N'HealthTrack Elite', CAST(N'2021-09-30' AS Date), CAST(N'2023-06-15' AS Date), N'v3.2.1', CAST(4.4 AS Decimal(3, 1)), 48, CAST(16.8 AS Decimal(3, 1)), 3901234, 289, 1, 1, 1, 1, N'Active')
INSERT [dbo].[Devices] ([device_id], [user_id], [device_type], [purchase_date], [last_sync_date], [firmware_version], [battery_life_days], [sync_frequency_daily], [active_hours_daily], [total_steps_recorded], [total_workouts_recorded], [sleep_tracking_enabled], [heart_rate_monitoring_enabled], [gps_enabled], [notification_enabled], [device_status]) VALUES (N'DEV011', N'TH011', N'HealthTrack Pro', CAST(N'2022-03-01' AS Date), CAST(N'2023-06-15' AS Date), N'v3.2.1', CAST(5.3 AS Decimal(3, 1)), 24, CAST(15.4 AS Decimal(3, 1)), 2345678, 167, 1, 1, 1, 1, N'Active')
INSERT [dbo].[Devices] ([device_id], [user_id], [device_type], [purchase_date], [last_sync_date], [firmware_version], [battery_life_days], [sync_frequency_daily], [active_hours_daily], [total_steps_recorded], [total_workouts_recorded], [sleep_tracking_enabled], [heart_rate_monitoring_enabled], [gps_enabled], [notification_enabled], [device_status]) VALUES (N'DEV012', N'TH012', N'HealthTrack Lite', CAST(N'2021-10-15' AS Date), CAST(N'2023-06-15' AS Date), N'v3.1.2', CAST(6.9 AS Decimal(3, 1)), 12, CAST(11.8 AS Decimal(3, 1)), 1123456, 78, 1, 1, 0, 1, N'Active')
INSERT [dbo].[Devices] ([device_id], [user_id], [device_type], [purchase_date], [last_sync_date], [firmware_version], [battery_life_days], [sync_frequency_daily], [active_hours_daily], [total_steps_recorded], [total_workouts_recorded], [sleep_tracking_enabled], [heart_rate_monitoring_enabled], [gps_enabled], [notification_enabled], [device_status]) VALUES (N'DEV013', N'TH013', N'HealthTrack Pro', CAST(N'2022-02-14' AS Date), CAST(N'2023-06-15' AS Date), N'v3.2.1', CAST(4.9 AS Decimal(3, 1)), 24, CAST(16.7 AS Decimal(3, 1)), 2567890, 187, 1, 1, 1, 1, N'Active')
INSERT [dbo].[Devices] ([device_id], [user_id], [device_type], [purchase_date], [last_sync_date], [firmware_version], [battery_life_days], [sync_frequency_daily], [active_hours_daily], [total_steps_recorded], [total_workouts_recorded], [sleep_tracking_enabled], [heart_rate_monitoring_enabled], [gps_enabled], [notification_enabled], [device_status]) VALUES (N'DEV014', N'TH014', N'HealthTrack Elite', CAST(N'2021-11-01' AS Date), CAST(N'2023-06-15' AS Date), N'v3.2.1', CAST(4.7 AS Decimal(3, 1)), 48, CAST(15.2 AS Decimal(3, 1)), 4123456, 298, 1, 1, 1, 1, N'Active')
INSERT [dbo].[Devices] ([device_id], [user_id], [device_type], [purchase_date], [last_sync_date], [firmware_version], [battery_life_days], [sync_frequency_daily], [active_hours_daily], [total_steps_recorded], [total_workouts_recorded], [sleep_tracking_enabled], [heart_rate_monitoring_enabled], [gps_enabled], [notification_enabled], [device_status]) VALUES (N'DEV015', N'TH015', N'HealthTrack Lite', CAST(N'2022-06-01' AS Date), CAST(N'2023-06-13' AS Date), N'v3.1.2', CAST(7.1 AS Decimal(3, 1)), 12, CAST(9.8 AS Decimal(3, 1)), 456789, 34, 1, 1, 0, 1, N'Inactive')
INSERT [dbo].[Devices] ([device_id], [user_id], [device_type], [purchase_date], [last_sync_date], [firmware_version], [battery_life_days], [sync_frequency_daily], [active_hours_daily], [total_steps_recorded], [total_workouts_recorded], [sleep_tracking_enabled], [heart_rate_monitoring_enabled], [gps_enabled], [notification_enabled], [device_status]) VALUES (N'DEV016', N'TH016', N'HealthTrack Pro', CAST(N'2022-01-05' AS Date), CAST(N'2023-06-15' AS Date), N'v3.2.1', CAST(5.0 AS Decimal(3, 1)), 24, CAST(16.1 AS Decimal(3, 1)), 2234567, 165, 1, 1, 1, 1, N'Active')
INSERT [dbo].[Devices] ([device_id], [user_id], [device_type], [purchase_date], [last_sync_date], [firmware_version], [battery_life_days], [sync_frequency_daily], [active_hours_daily], [total_steps_recorded], [total_workouts_recorded], [sleep_tracking_enabled], [heart_rate_monitoring_enabled], [gps_enabled], [notification_enabled], [device_status]) VALUES (N'DEV017', N'TH017', N'HealthTrack Lite', CAST(N'2022-04-22' AS Date), CAST(N'2023-06-15' AS Date), N'v3.1.2', CAST(6.7 AS Decimal(3, 1)), 12, CAST(11.5 AS Decimal(3, 1)), 876543, 56, 1, 1, 0, 1, N'Active')
INSERT [dbo].[Devices] ([device_id], [user_id], [device_type], [purchase_date], [last_sync_date], [firmware_version], [battery_life_days], [sync_frequency_daily], [active_hours_daily], [total_steps_recorded], [total_workouts_recorded], [sleep_tracking_enabled], [heart_rate_monitoring_enabled], [gps_enabled], [notification_enabled], [device_status]) VALUES (N'DEV018', N'TH018', N'HealthTrack Pro', CAST(N'2021-12-15' AS Date), CAST(N'2023-06-15' AS Date), N'v3.2.1', CAST(5.2 AS Decimal(3, 1)), 24, CAST(17.8 AS Decimal(3, 1)), 2901234, 211, 1, 1, 1, 1, N'Active')
INSERT [dbo].[Devices] ([device_id], [user_id], [device_type], [purchase_date], [last_sync_date], [firmware_version], [battery_life_days], [sync_frequency_daily], [active_hours_daily], [total_steps_recorded], [total_workouts_recorded], [sleep_tracking_enabled], [heart_rate_monitoring_enabled], [gps_enabled], [notification_enabled], [device_status]) VALUES (N'DEV019', N'TH019', N'HealthTrack Lite', CAST(N'2022-03-30' AS Date), CAST(N'2023-06-15' AS Date), N'v3.1.2', CAST(7.0 AS Decimal(3, 1)), 12, CAST(10.9 AS Decimal(3, 1)), 765432, 43, 1, 1, 0, 1, N'Active')
INSERT [dbo].[Devices] ([device_id], [user_id], [device_type], [purchase_date], [last_sync_date], [firmware_version], [battery_life_days], [sync_frequency_daily], [active_hours_daily], [total_steps_recorded], [total_workouts_recorded], [sleep_tracking_enabled], [heart_rate_monitoring_enabled], [gps_enabled], [notification_enabled], [device_status]) VALUES (N'DEV020', N'TH020', N'HealthTrack Pro', CAST(N'2021-10-30' AS Date), CAST(N'2023-06-15' AS Date), N'v3.2.1', CAST(5.1 AS Decimal(3, 1)), 24, CAST(15.6 AS Decimal(3, 1)), 2445678, 177, 1, 1, 1, 1, N'Active')
INSERT [dbo].[Devices] ([device_id], [user_id], [device_type], [purchase_date], [last_sync_date], [firmware_version], [battery_life_days], [sync_frequency_daily], [active_hours_daily], [total_steps_recorded], [total_workouts_recorded], [sleep_tracking_enabled], [heart_rate_monitoring_enabled], [gps_enabled], [notification_enabled], [device_status]) VALUES (N'DEV021', N'TH021', N'HealthTrack Lite', CAST(N'2022-02-01' AS Date), CAST(N'2023-06-15' AS Date), N'v3.1.2', CAST(6.9 AS Decimal(3, 1)), 12, CAST(11.1 AS Decimal(3, 1)), 998765, 69, 1, 1, 0, 1, N'Active')
INSERT [dbo].[Devices] ([device_id], [user_id], [device_type], [purchase_date], [last_sync_date], [firmware_version], [battery_life_days], [sync_frequency_daily], [active_hours_daily], [total_steps_recorded], [total_workouts_recorded], [sleep_tracking_enabled], [heart_rate_monitoring_enabled], [gps_enabled], [notification_enabled], [device_status]) VALUES (N'DEV022', N'TH022', N'HealthTrack Elite', CAST(N'2021-09-15' AS Date), CAST(N'2023-06-15' AS Date), N'v3.2.1', CAST(4.5 AS Decimal(3, 1)), 48, CAST(16.4 AS Decimal(3, 1)), 3789012, 267, 1, 1, 1, 1, N'Active')
INSERT [dbo].[Devices] ([device_id], [user_id], [device_type], [purchase_date], [last_sync_date], [firmware_version], [battery_life_days], [sync_frequency_daily], [active_hours_daily], [total_steps_recorded], [total_workouts_recorded], [sleep_tracking_enabled], [heart_rate_monitoring_enabled], [gps_enabled], [notification_enabled], [device_status]) VALUES (N'DEV023', N'TH023', N'HealthTrack Pro', CAST(N'2022-05-01' AS Date), CAST(N'2023-06-15' AS Date), N'v3.2.1', CAST(5.0 AS Decimal(3, 1)), 24, CAST(15.8 AS Decimal(3, 1)), 2223456, 156, 1, 1, 1, 1, N'Active')
INSERT [dbo].[Devices] ([device_id], [user_id], [device_type], [purchase_date], [last_sync_date], [firmware_version], [battery_life_days], [sync_frequency_daily], [active_hours_daily], [total_steps_recorded], [total_workouts_recorded], [sleep_tracking_enabled], [heart_rate_monitoring_enabled], [gps_enabled], [notification_enabled], [device_status]) VALUES (N'DEV024', N'TH024', N'HealthTrack Elite', CAST(N'2021-11-15' AS Date), CAST(N'2023-06-15' AS Date), N'v3.2.1', CAST(4.6 AS Decimal(3, 1)), 48, CAST(14.9 AS Decimal(3, 1)), 4234567, 301, 1, 1, 1, 1, N'Active')
INSERT [dbo].[Devices] ([device_id], [user_id], [device_type], [purchase_date], [last_sync_date], [firmware_version], [battery_life_days], [sync_frequency_daily], [active_hours_daily], [total_steps_recorded], [total_workouts_recorded], [sleep_tracking_enabled], [heart_rate_monitoring_enabled], [gps_enabled], [notification_enabled], [device_status]) VALUES (N'DEV025', N'TH025', N'HealthTrack Lite', CAST(N'2022-06-15' AS Date), CAST(N'2023-06-14' AS Date), N'v3.1.2', CAST(7.2 AS Decimal(3, 1)), 12, CAST(9.5 AS Decimal(3, 1)), 543210, 38, 1, 1, 0, 1, N'Inactive')
INSERT [dbo].[Devices] ([device_id], [user_id], [device_type], [purchase_date], [last_sync_date], [firmware_version], [battery_life_days], [sync_frequency_daily], [active_hours_daily], [total_steps_recorded], [total_workouts_recorded], [sleep_tracking_enabled], [heart_rate_monitoring_enabled], [gps_enabled], [notification_enabled], [device_status]) VALUES (N'DEV026', N'TH026', N'HealthTrack Pro', CAST(N'2022-01-10' AS Date), CAST(N'2023-06-15' AS Date), N'v3.2.1', CAST(5.3 AS Decimal(3, 1)), 24, CAST(16.9 AS Decimal(3, 1)), 2678901, 189, 1, 1, 1, 1, N'Active')
INSERT [dbo].[Devices] ([device_id], [user_id], [device_type], [purchase_date], [last_sync_date], [firmware_version], [battery_life_days], [sync_frequency_daily], [active_hours_daily], [total_steps_recorded], [total_workouts_recorded], [sleep_tracking_enabled], [heart_rate_monitoring_enabled], [gps_enabled], [notification_enabled], [device_status]) VALUES (N'DEV027', N'TH027', N'HealthTrack Pro', CAST(N'2022-03-15' AS Date), CAST(N'2023-06-15' AS Date), N'v3.2.1', CAST(4.9 AS Decimal(3, 1)), 24, CAST(17.1 AS Decimal(3, 1)), 2456789, 182, 1, 1, 1, 1, N'Active')
INSERT [dbo].[Devices] ([device_id], [user_id], [device_type], [purchase_date], [last_sync_date], [firmware_version], [battery_life_days], [sync_frequency_daily], [active_hours_daily], [total_steps_recorded], [total_workouts_recorded], [sleep_tracking_enabled], [heart_rate_monitoring_enabled], [gps_enabled], [notification_enabled], [device_status]) VALUES (N'DEV028', N'TH028', N'HealthTrack Elite', CAST(N'2021-08-30' AS Date), CAST(N'2023-06-15' AS Date), N'v3.2.1', CAST(4.4 AS Decimal(3, 1)), 48, CAST(15.7 AS Decimal(3, 1)), 4012345, 278, 1, 1, 1, 1, N'Active')
INSERT [dbo].[Devices] ([device_id], [user_id], [device_type], [purchase_date], [last_sync_date], [firmware_version], [battery_life_days], [sync_frequency_daily], [active_hours_daily], [total_steps_recorded], [total_workouts_recorded], [sleep_tracking_enabled], [heart_rate_monitoring_enabled], [gps_enabled], [notification_enabled], [device_status]) VALUES (N'DEV029', N'TH029', N'HealthTrack Lite', CAST(N'2022-04-05' AS Date), CAST(N'2023-06-15' AS Date), N'v3.1.2', CAST(6.8 AS Decimal(3, 1)), 12, CAST(11.3 AS Decimal(3, 1)), 887654, 58, 1, 1, 0, 1, N'Active')
INSERT [dbo].[Devices] ([device_id], [user_id], [device_type], [purchase_date], [last_sync_date], [firmware_version], [battery_life_days], [sync_frequency_daily], [active_hours_daily], [total_steps_recorded], [total_workouts_recorded], [sleep_tracking_enabled], [heart_rate_monitoring_enabled], [gps_enabled], [notification_enabled], [device_status]) VALUES (N'DEV030', N'TH030', N'HealthTrack Pro', CAST(N'2021-12-20' AS Date), CAST(N'2023-06-15' AS Date), N'v3.2.1', CAST(5.1 AS Decimal(3, 1)), 24, CAST(16.2 AS Decimal(3, 1)), 2567890, 188, 1, 1, 1, 1, N'Active')
INSERT [dbo].[Devices] ([device_id], [user_id], [device_type], [purchase_date], [last_sync_date], [firmware_version], [battery_life_days], [sync_frequency_daily], [active_hours_daily], [total_steps_recorded], [total_workouts_recorded], [sleep_tracking_enabled], [heart_rate_monitoring_enabled], [gps_enabled], [notification_enabled], [device_status]) VALUES (N'DEV031', N'TH031', N'HealthTrack Pro', CAST(N'2022-02-15' AS Date), CAST(N'2023-06-15' AS Date), N'v3.2.1', CAST(5.2 AS Decimal(3, 1)), 24, CAST(15.9 AS Decimal(3, 1)), 2345678, 171, 1, 1, 1, 1, N'Active')
INSERT [dbo].[Devices] ([device_id], [user_id], [device_type], [purchase_date], [last_sync_date], [firmware_version], [battery_life_days], [sync_frequency_daily], [active_hours_daily], [total_steps_recorded], [total_workouts_recorded], [sleep_tracking_enabled], [heart_rate_monitoring_enabled], [gps_enabled], [notification_enabled], [device_status]) VALUES (N'DEV032', N'TH032', N'HealthTrack Elite', CAST(N'2021-10-01' AS Date), CAST(N'2023-06-15' AS Date), N'v3.2.1', CAST(4.7 AS Decimal(3, 1)), 48, CAST(14.8 AS Decimal(3, 1)), 3987654, 289, 1, 1, 1, 1, N'Active')
INSERT [dbo].[Devices] ([device_id], [user_id], [device_type], [purchase_date], [last_sync_date], [firmware_version], [battery_life_days], [sync_frequency_daily], [active_hours_daily], [total_steps_recorded], [total_workouts_recorded], [sleep_tracking_enabled], [heart_rate_monitoring_enabled], [gps_enabled], [notification_enabled], [device_status]) VALUES (N'DEV033', N'TH033', N'HealthTrack Lite', CAST(N'2022-05-20' AS Date), CAST(N'2023-06-15' AS Date), N'v3.1.2', CAST(7.1 AS Decimal(3, 1)), 12, CAST(10.7 AS Decimal(3, 1)), 654321, 47, 1, 1, 0, 1, N'Active')
INSERT [dbo].[Devices] ([device_id], [user_id], [device_type], [purchase_date], [last_sync_date], [firmware_version], [battery_life_days], [sync_frequency_daily], [active_hours_daily], [total_steps_recorded], [total_workouts_recorded], [sleep_tracking_enabled], [heart_rate_monitoring_enabled], [gps_enabled], [notification_enabled], [device_status]) VALUES (N'DEV034', N'TH034', N'HealthTrack Pro', CAST(N'2021-11-20' AS Date), CAST(N'2023-06-15' AS Date), N'v3.2.1', CAST(5.0 AS Decimal(3, 1)), 24, CAST(16.6 AS Decimal(3, 1)), 2789012, 198, 1, 1, 1, 1, N'Active')
INSERT [dbo].[Devices] ([device_id], [user_id], [device_type], [purchase_date], [last_sync_date], [firmware_version], [battery_life_days], [sync_frequency_daily], [active_hours_daily], [total_steps_recorded], [total_workouts_recorded], [sleep_tracking_enabled], [heart_rate_monitoring_enabled], [gps_enabled], [notification_enabled], [device_status]) VALUES (N'DEV035', N'TH035', N'HealthTrack Pro', CAST(N'2022-03-10' AS Date), CAST(N'2023-06-15' AS Date), N'v3.2.1', CAST(4.8 AS Decimal(3, 1)), 24, CAST(17.4 AS Decimal(3, 1)), 2567890, 187, 1, 1, 1, 1, N'Active')
INSERT [dbo].[Devices] ([device_id], [user_id], [device_type], [purchase_date], [last_sync_date], [firmware_version], [battery_life_days], [sync_frequency_daily], [active_hours_daily], [total_steps_recorded], [total_workouts_recorded], [sleep_tracking_enabled], [heart_rate_monitoring_enabled], [gps_enabled], [notification_enabled], [device_status]) VALUES (N'DEV036', N'TH036', N'HealthTrack Elite', CAST(N'2021-09-01' AS Date), CAST(N'2023-06-15' AS Date), N'v3.2.1', CAST(4.5 AS Decimal(3, 1)), 48, CAST(15.1 AS Decimal(3, 1)), 4234567, 299, 1, 1, 1, 1, N'Active')
INSERT [dbo].[Devices] ([device_id], [user_id], [device_type], [purchase_date], [last_sync_date], [firmware_version], [battery_life_days], [sync_frequency_daily], [active_hours_daily], [total_steps_recorded], [total_workouts_recorded], [sleep_tracking_enabled], [heart_rate_monitoring_enabled], [gps_enabled], [notification_enabled], [device_status]) VALUES (N'DEV037', N'TH037', N'HealthTrack Lite', CAST(N'2022-06-10' AS Date), CAST(N'2023-06-14' AS Date), N'v3.1.2', CAST(7.0 AS Decimal(3, 1)), 12, CAST(9.9 AS Decimal(3, 1)), 567890, 41, 1, 1, 0, 1, N'Inactive')
INSERT [dbo].[Devices] ([device_id], [user_id], [device_type], [purchase_date], [last_sync_date], [firmware_version], [battery_life_days], [sync_frequency_daily], [active_hours_daily], [total_steps_recorded], [total_workouts_recorded], [sleep_tracking_enabled], [heart_rate_monitoring_enabled], [gps_enabled], [notification_enabled], [device_status]) VALUES (N'DEV038', N'TH038', N'HealthTrack Pro', CAST(N'2022-01-25' AS Date), CAST(N'2023-06-15' AS Date), N'v3.2.1', CAST(5.1 AS Decimal(3, 1)), 24, CAST(16.3 AS Decimal(3, 1)), 2456789, 176, 1, 1, 1, 1, N'Active')
INSERT [dbo].[Devices] ([device_id], [user_id], [device_type], [purchase_date], [last_sync_date], [firmware_version], [battery_life_days], [sync_frequency_daily], [active_hours_daily], [total_steps_recorded], [total_workouts_recorded], [sleep_tracking_enabled], [heart_rate_monitoring_enabled], [gps_enabled], [notification_enabled], [device_status]) VALUES (N'DEV039', N'TH039', N'HealthTrack Pro', CAST(N'2022-04-15' AS Date), CAST(N'2023-06-15' AS Date), N'v3.2.1', CAST(5.0 AS Decimal(3, 1)), 24, CAST(15.7 AS Decimal(3, 1)), 2345678, 169, 1, 1, 1, 1, N'Active')
INSERT [dbo].[Devices] ([device_id], [user_id], [device_type], [purchase_date], [last_sync_date], [firmware_version], [battery_life_days], [sync_frequency_daily], [active_hours_daily], [total_steps_recorded], [total_workouts_recorded], [sleep_tracking_enabled], [heart_rate_monitoring_enabled], [gps_enabled], [notification_enabled], [device_status]) VALUES (N'DEV040', N'TH040', N'HealthTrack Elite', CAST(N'2021-08-01' AS Date), CAST(N'2023-06-15' AS Date), N'v3.2.1', CAST(4.6 AS Decimal(3, 1)), 48, CAST(14.6 AS Decimal(3, 1)), 4123456, 295, 1, 1, 1, 1, N'Active')
INSERT [dbo].[Devices] ([device_id], [user_id], [device_type], [purchase_date], [last_sync_date], [firmware_version], [battery_life_days], [sync_frequency_daily], [active_hours_daily], [total_steps_recorded], [total_workouts_recorded], [sleep_tracking_enabled], [heart_rate_monitoring_enabled], [gps_enabled], [notification_enabled], [device_status]) VALUES (N'DEV041', N'TH041', N'HealthTrack Lite', CAST(N'2022-05-05' AS Date), CAST(N'2023-06-15' AS Date), N'v3.1.2', CAST(6.9 AS Decimal(3, 1)), 12, CAST(11.4 AS Decimal(3, 1)), 876543, 57, 1, 1, 0, 1, N'Active')
INSERT [dbo].[Devices] ([device_id], [user_id], [device_type], [purchase_date], [last_sync_date], [firmware_version], [battery_life_days], [sync_frequency_daily], [active_hours_daily], [total_steps_recorded], [total_workouts_recorded], [sleep_tracking_enabled], [heart_rate_monitoring_enabled], [gps_enabled], [notification_enabled], [device_status]) VALUES (N'DEV042', N'TH042', N'HealthTrack Elite', CAST(N'2021-12-10' AS Date), CAST(N'2023-06-15' AS Date), N'v3.2.1', CAST(4.4 AS Decimal(3, 1)), 48, CAST(15.3 AS Decimal(3, 1)), 3901234, 276, 1, 1, 1, 1, N'Active')
INSERT [dbo].[Devices] ([device_id], [user_id], [device_type], [purchase_date], [last_sync_date], [firmware_version], [battery_life_days], [sync_frequency_daily], [active_hours_daily], [total_steps_recorded], [total_workouts_recorded], [sleep_tracking_enabled], [heart_rate_monitoring_enabled], [gps_enabled], [notification_enabled], [device_status]) VALUES (N'DEV043', N'TH043', N'HealthTrack Pro', CAST(N'2022-02-20' AS Date), CAST(N'2023-06-15' AS Date), N'v3.2.1', CAST(5.2 AS Decimal(3, 1)), 24, CAST(16.8 AS Decimal(3, 1)), 2567890, 184, 1, 1, 1, 1, N'Active')
INSERT [dbo].[Devices] ([device_id], [user_id], [device_type], [purchase_date], [last_sync_date], [firmware_version], [battery_life_days], [sync_frequency_daily], [active_hours_daily], [total_steps_recorded], [total_workouts_recorded], [sleep_tracking_enabled], [heart_rate_monitoring_enabled], [gps_enabled], [notification_enabled], [device_status]) VALUES (N'DEV044', N'TH044', N'HealthTrack Pro', CAST(N'2021-10-20' AS Date), CAST(N'2023-06-15' AS Date), N'v3.2.1', CAST(5.1 AS Decimal(3, 1)), 24, CAST(15.5 AS Decimal(3, 1)), 2678901, 191, 1, 1, 1, 1, N'Active')
INSERT [dbo].[Devices] ([device_id], [user_id], [device_type], [purchase_date], [last_sync_date], [firmware_version], [battery_life_days], [sync_frequency_daily], [active_hours_daily], [total_steps_recorded], [total_workouts_recorded], [sleep_tracking_enabled], [heart_rate_monitoring_enabled], [gps_enabled], [notification_enabled], [device_status]) VALUES (N'DEV045', N'TH045', N'HealthTrack Lite', CAST(N'2022-03-25' AS Date), CAST(N'2023-06-15' AS Date), N'v3.1.2', CAST(7.2 AS Decimal(3, 1)), 12, CAST(10.8 AS Decimal(3, 1)), 765432, 49, 1, 1, 0, 1, N'Active')
INSERT [dbo].[Devices] ([device_id], [user_id], [device_type], [purchase_date], [last_sync_date], [firmware_version], [battery_life_days], [sync_frequency_daily], [active_hours_daily], [total_steps_recorded], [total_workouts_recorded], [sleep_tracking_enabled], [heart_rate_monitoring_enabled], [gps_enabled], [notification_enabled], [device_status]) VALUES (N'DEV046', N'TH046', N'HealthTrack Pro', CAST(N'2022-01-30' AS Date), CAST(N'2023-06-15' AS Date), N'v3.2.1', CAST(4.9 AS Decimal(3, 1)), 24, CAST(17.2 AS Decimal(3, 1)), 2456789, 179, 1, 1, 1, 1, N'Active')
INSERT [dbo].[Devices] ([device_id], [user_id], [device_type], [purchase_date], [last_sync_date], [firmware_version], [battery_life_days], [sync_frequency_daily], [active_hours_daily], [total_steps_recorded], [total_workouts_recorded], [sleep_tracking_enabled], [heart_rate_monitoring_enabled], [gps_enabled], [notification_enabled], [device_status]) VALUES (N'DEV047', N'TH047', N'HealthTrack Pro', CAST(N'2022-04-20' AS Date), CAST(N'2023-06-15' AS Date), N'v3.2.1', CAST(5.0 AS Decimal(3, 1)), 24, CAST(16.4 AS Decimal(3, 1)), 2567890, 186, 1, 1, 1, 1, N'Active')
INSERT [dbo].[Devices] ([device_id], [user_id], [device_type], [purchase_date], [last_sync_date], [firmware_version], [battery_life_days], [sync_frequency_daily], [active_hours_daily], [total_steps_recorded], [total_workouts_recorded], [sleep_tracking_enabled], [heart_rate_monitoring_enabled], [gps_enabled], [notification_enabled], [device_status]) VALUES (N'DEV048', N'TH048', N'HealthTrack Elite', CAST(N'2021-11-10' AS Date), CAST(N'2023-06-15' AS Date), N'v3.2.1', CAST(4.5 AS Decimal(3, 1)), 48, CAST(15.0 AS Decimal(3, 1)), 4012345, 287, 1, 1, 1, 1, N'Active')
INSERT [dbo].[Devices] ([device_id], [user_id], [device_type], [purchase_date], [last_sync_date], [firmware_version], [battery_life_days], [sync_frequency_daily], [active_hours_daily], [total_steps_recorded], [total_workouts_recorded], [sleep_tracking_enabled], [heart_rate_monitoring_enabled], [gps_enabled], [notification_enabled], [device_status]) VALUES (N'DEV049', N'TH049', N'HealthTrack Lite', CAST(N'2022-06-05' AS Date), CAST(N'2023-06-14' AS Date), N'v3.1.2', CAST(7.1 AS Decimal(3, 1)), 12, CAST(10.2 AS Decimal(3, 1)), 654321, 44, 1, 1, 0, 1, N'Inactive')
INSERT [dbo].[Devices] ([device_id], [user_id], [device_type], [purchase_date], [last_sync_date], [firmware_version], [battery_life_days], [sync_frequency_daily], [active_hours_daily], [total_steps_recorded], [total_workouts_recorded], [sleep_tracking_enabled], [heart_rate_monitoring_enabled], [gps_enabled], [notification_enabled], [device_status]) VALUES (N'DEV050', N'TH050', N'HealthTrack Pro', CAST(N'2021-12-25' AS Date), CAST(N'2023-06-15' AS Date), N'v3.2.1', CAST(5.3 AS Decimal(3, 1)), 24, CAST(16.0 AS Decimal(3, 1)), 2789012, 197, 1, 1, 1, 1, N'Active')
GO
SET IDENTITY_INSERT [dbo].[GeoLocation] ON 

INSERT [dbo].[GeoLocation] ([location_id], [city], [state], [country]) VALUES (1, N'Amsterdam', NULL, N'NL')
INSERT [dbo].[GeoLocation] ([location_id], [city], [state], [country]) VALUES (2, N'Atlanta', N'GA', N'USA')
INSERT [dbo].[GeoLocation] ([location_id], [city], [state], [country]) VALUES (3, N'Auckland', NULL, N'NZ')
INSERT [dbo].[GeoLocation] ([location_id], [city], [state], [country]) VALUES (4, N'Austin', N'TX', N'USA')
INSERT [dbo].[GeoLocation] ([location_id], [city], [state], [country]) VALUES (5, N'Barcelona', NULL, N'ES')
INSERT [dbo].[GeoLocation] ([location_id], [city], [state], [country]) VALUES (6, N'Berlin', NULL, N'DE')
INSERT [dbo].[GeoLocation] ([location_id], [city], [state], [country]) VALUES (7, N'Boston', N'MA', N'USA')
INSERT [dbo].[GeoLocation] ([location_id], [city], [state], [country]) VALUES (8, N'Brussels', NULL, N'BE')
INSERT [dbo].[GeoLocation] ([location_id], [city], [state], [country]) VALUES (9, N'Chicago', N'IL', N'USA')
INSERT [dbo].[GeoLocation] ([location_id], [city], [state], [country]) VALUES (10, N'Copenhagen', NULL, N'DK')
INSERT [dbo].[GeoLocation] ([location_id], [city], [state], [country]) VALUES (11, N'Dallas', N'TX', N'USA')
INSERT [dbo].[GeoLocation] ([location_id], [city], [state], [country]) VALUES (12, N'Denver', N'CO', N'USA')
INSERT [dbo].[GeoLocation] ([location_id], [city], [state], [country]) VALUES (13, N'Detroit', N'MI', N'USA')
INSERT [dbo].[GeoLocation] ([location_id], [city], [state], [country]) VALUES (14, N'Dublin', NULL, N'IE')
INSERT [dbo].[GeoLocation] ([location_id], [city], [state], [country]) VALUES (15, N'Edinburgh', NULL, N'UK')
INSERT [dbo].[GeoLocation] ([location_id], [city], [state], [country]) VALUES (16, N'Helsinki', NULL, N'FI')
INSERT [dbo].[GeoLocation] ([location_id], [city], [state], [country]) VALUES (17, N'Houston', N'TX', N'USA')
INSERT [dbo].[GeoLocation] ([location_id], [city], [state], [country]) VALUES (18, N'Las Vegas', N'NV', N'USA')
INSERT [dbo].[GeoLocation] ([location_id], [city], [state], [country]) VALUES (19, N'Madrid', NULL, N'ES')
INSERT [dbo].[GeoLocation] ([location_id], [city], [state], [country]) VALUES (20, N'Manchester', NULL, N'UK')
INSERT [dbo].[GeoLocation] ([location_id], [city], [state], [country]) VALUES (21, N'Melbourne', NULL, N'AU')
INSERT [dbo].[GeoLocation] ([location_id], [city], [state], [country]) VALUES (22, N'Miami', N'FL', N'USA')
INSERT [dbo].[GeoLocation] ([location_id], [city], [state], [country]) VALUES (23, N'Minneapolis', N'MN', N'USA')
INSERT [dbo].[GeoLocation] ([location_id], [city], [state], [country]) VALUES (24, N'Mumbai', NULL, N'IN')
INSERT [dbo].[GeoLocation] ([location_id], [city], [state], [country]) VALUES (25, N'Nashville', N'TN', N'USA')
INSERT [dbo].[GeoLocation] ([location_id], [city], [state], [country]) VALUES (26, N'New York', N'NY', N'USA')
INSERT [dbo].[GeoLocation] ([location_id], [city], [state], [country]) VALUES (27, N'Oslo', NULL, N'NO')
INSERT [dbo].[GeoLocation] ([location_id], [city], [state], [country]) VALUES (28, N'Paris', NULL, N'FR')
INSERT [dbo].[GeoLocation] ([location_id], [city], [state], [country]) VALUES (29, N'Philadelphia', N'PA', N'USA')
INSERT [dbo].[GeoLocation] ([location_id], [city], [state], [country]) VALUES (30, N'Phoenix', N'AZ', N'USA')
INSERT [dbo].[GeoLocation] ([location_id], [city], [state], [country]) VALUES (31, N'Portland', N'OR', N'USA')
INSERT [dbo].[GeoLocation] ([location_id], [city], [state], [country]) VALUES (32, N'Rome', NULL, N'IT')
INSERT [dbo].[GeoLocation] ([location_id], [city], [state], [country]) VALUES (33, N'San Diego', N'CA', N'USA')
INSERT [dbo].[GeoLocation] ([location_id], [city], [state], [country]) VALUES (34, N'San Francisco', N'CA', N'USA')
INSERT [dbo].[GeoLocation] ([location_id], [city], [state], [country]) VALUES (35, N'Seattle', N'WA', N'USA')
INSERT [dbo].[GeoLocation] ([location_id], [city], [state], [country]) VALUES (36, N'Singapore', NULL, N'SG')
INSERT [dbo].[GeoLocation] ([location_id], [city], [state], [country]) VALUES (37, N'Stockholm', NULL, N'SE')
INSERT [dbo].[GeoLocation] ([location_id], [city], [state], [country]) VALUES (38, N'Sydney', NULL, N'AU')
INSERT [dbo].[GeoLocation] ([location_id], [city], [state], [country]) VALUES (39, N'Tokyo', NULL, N'JP')
INSERT [dbo].[GeoLocation] ([location_id], [city], [state], [country]) VALUES (40, N'Toronto', NULL, N'CA')
INSERT [dbo].[GeoLocation] ([location_id], [city], [state], [country]) VALUES (41, N'Vancouver', NULL, N'CA')
INSERT [dbo].[GeoLocation] ([location_id], [city], [state], [country]) VALUES (42, N'Vienna', NULL, N'AT')
INSERT [dbo].[GeoLocation] ([location_id], [city], [state], [country]) VALUES (43, N'Zurich', NULL, N'CH')
SET IDENTITY_INSERT [dbo].[GeoLocation] OFF
GO
INSERT [dbo].[HealthMetrics] ([record_id], [user_id], [month_date], [avg_heart_rate], [avg_resting_heart_rate], [avg_daily_steps], [avg_sleep_hours], [avg_deep_sleep_hours], [avg_daily_calories], [avg_exercise_minutes], [avg_stress_level], [avg_blood_oxygen], [total_active_days], [workout_frequency], [achievement_rate]) VALUES (N'MHM001', N'TH001', CAST(N'2023-06-01' AS Date), 73, 62, 11345, CAST(7.2 AS Decimal(3, 1)), CAST(2.0 AS Decimal(3, 1)), 2267, 42, CAST(3.4 AS Decimal(3, 1)), CAST(98.3 AS Decimal(4, 1)), 28, 4, CAST(0.85 AS Decimal(3, 2)))
INSERT [dbo].[HealthMetrics] ([record_id], [user_id], [month_date], [avg_heart_rate], [avg_resting_heart_rate], [avg_daily_steps], [avg_sleep_hours], [avg_deep_sleep_hours], [avg_daily_calories], [avg_exercise_minutes], [avg_stress_level], [avg_blood_oxygen], [total_active_days], [workout_frequency], [achievement_rate]) VALUES (N'MHM002', N'TH002', CAST(N'2023-06-01' AS Date), 69, 60, 8876, CAST(6.5 AS Decimal(3, 1)), CAST(1.5 AS Decimal(3, 1)), 1898, 26, CAST(3.8 AS Decimal(3, 1)), CAST(97.9 AS Decimal(4, 1)), 25, 3, CAST(0.72 AS Decimal(3, 2)))
INSERT [dbo].[HealthMetrics] ([record_id], [user_id], [month_date], [avg_heart_rate], [avg_resting_heart_rate], [avg_daily_steps], [avg_sleep_hours], [avg_deep_sleep_hours], [avg_daily_calories], [avg_exercise_minutes], [avg_stress_level], [avg_blood_oxygen], [total_active_days], [workout_frequency], [achievement_rate]) VALUES (N'MHM003', N'TH003', CAST(N'2023-06-01' AS Date), 83, 68, 15845, CAST(8.1 AS Decimal(3, 1)), CAST(2.4 AS Decimal(3, 1)), 2876, 66, CAST(2.3 AS Decimal(3, 1)), CAST(98.5 AS Decimal(4, 1)), 30, 6, CAST(0.95 AS Decimal(3, 2)))
INSERT [dbo].[HealthMetrics] ([record_id], [user_id], [month_date], [avg_heart_rate], [avg_resting_heart_rate], [avg_daily_steps], [avg_sleep_hours], [avg_deep_sleep_hours], [avg_daily_calories], [avg_exercise_minutes], [avg_stress_level], [avg_blood_oxygen], [total_active_days], [workout_frequency], [achievement_rate]) VALUES (N'MHM004', N'TH004', CAST(N'2023-06-01' AS Date), 71, 63, 12456, CAST(7.5 AS Decimal(3, 1)), CAST(2.1 AS Decimal(3, 1)), 2345, 45, CAST(2.8 AS Decimal(3, 1)), CAST(98.2 AS Decimal(4, 1)), 27, 4, CAST(0.82 AS Decimal(3, 2)))
INSERT [dbo].[HealthMetrics] ([record_id], [user_id], [month_date], [avg_heart_rate], [avg_resting_heart_rate], [avg_daily_steps], [avg_sleep_hours], [avg_deep_sleep_hours], [avg_daily_calories], [avg_exercise_minutes], [avg_stress_level], [avg_blood_oxygen], [total_active_days], [workout_frequency], [achievement_rate]) VALUES (N'MHM005', N'TH005', CAST(N'2023-06-01' AS Date), 75, 64, 13567, CAST(7.8 AS Decimal(3, 1)), CAST(2.2 AS Decimal(3, 1)), 2567, 52, CAST(3.1 AS Decimal(3, 1)), CAST(98.4 AS Decimal(4, 1)), 29, 5, CAST(0.88 AS Decimal(3, 2)))
INSERT [dbo].[HealthMetrics] ([record_id], [user_id], [month_date], [avg_heart_rate], [avg_resting_heart_rate], [avg_daily_steps], [avg_sleep_hours], [avg_deep_sleep_hours], [avg_daily_calories], [avg_exercise_minutes], [avg_stress_level], [avg_blood_oxygen], [total_active_days], [workout_frequency], [achievement_rate]) VALUES (N'MHM006', N'TH006', CAST(N'2023-06-01' AS Date), 78, 65, 14234, CAST(7.6 AS Decimal(3, 1)), CAST(2.3 AS Decimal(3, 1)), 2678, 58, CAST(2.5 AS Decimal(3, 1)), CAST(98.6 AS Decimal(4, 1)), 30, 5, CAST(0.92 AS Decimal(3, 2)))
INSERT [dbo].[HealthMetrics] ([record_id], [user_id], [month_date], [avg_heart_rate], [avg_resting_heart_rate], [avg_daily_steps], [avg_sleep_hours], [avg_deep_sleep_hours], [avg_daily_calories], [avg_exercise_minutes], [avg_stress_level], [avg_blood_oxygen], [total_active_days], [workout_frequency], [achievement_rate]) VALUES (N'MHM007', N'TH007', CAST(N'2023-06-01' AS Date), 68, 59, 7865, CAST(6.3 AS Decimal(3, 1)), CAST(1.4 AS Decimal(3, 1)), 1756, 22, CAST(3.9 AS Decimal(3, 1)), CAST(97.8 AS Decimal(4, 1)), 24, 2, CAST(0.68 AS Decimal(3, 2)))
INSERT [dbo].[HealthMetrics] ([record_id], [user_id], [month_date], [avg_heart_rate], [avg_resting_heart_rate], [avg_daily_steps], [avg_sleep_hours], [avg_deep_sleep_hours], [avg_daily_calories], [avg_exercise_minutes], [avg_stress_level], [avg_blood_oxygen], [total_active_days], [workout_frequency], [achievement_rate]) VALUES (N'MHM008', N'TH008', CAST(N'2023-06-01' AS Date), 74, 63, 12789, CAST(7.4 AS Decimal(3, 1)), CAST(2.1 AS Decimal(3, 1)), 2432, 48, CAST(3.0 AS Decimal(3, 1)), CAST(98.3 AS Decimal(4, 1)), 28, 4, CAST(0.86 AS Decimal(3, 2)))
INSERT [dbo].[HealthMetrics] ([record_id], [user_id], [month_date], [avg_heart_rate], [avg_resting_heart_rate], [avg_daily_steps], [avg_sleep_hours], [avg_deep_sleep_hours], [avg_daily_calories], [avg_exercise_minutes], [avg_stress_level], [avg_blood_oxygen], [total_active_days], [workout_frequency], [achievement_rate]) VALUES (N'MHM009', N'TH009', CAST(N'2023-06-01' AS Date), 67, 58, 7234, CAST(6.1 AS Decimal(3, 1)), CAST(1.3 AS Decimal(3, 1)), 1645, 20, CAST(4.1 AS Decimal(3, 1)), CAST(97.7 AS Decimal(4, 1)), 22, 2, CAST(0.65 AS Decimal(3, 2)))
INSERT [dbo].[HealthMetrics] ([record_id], [user_id], [month_date], [avg_heart_rate], [avg_resting_heart_rate], [avg_daily_steps], [avg_sleep_hours], [avg_deep_sleep_hours], [avg_daily_calories], [avg_exercise_minutes], [avg_stress_level], [avg_blood_oxygen], [total_active_days], [workout_frequency], [achievement_rate]) VALUES (N'MHM010', N'TH010', CAST(N'2023-06-01' AS Date), 76, 64, 13987, CAST(7.7 AS Decimal(3, 1)), CAST(2.2 AS Decimal(3, 1)), 2745, 56, CAST(2.6 AS Decimal(3, 1)), CAST(98.5 AS Decimal(4, 1)), 29, 5, CAST(0.90 AS Decimal(3, 2)))
INSERT [dbo].[HealthMetrics] ([record_id], [user_id], [month_date], [avg_heart_rate], [avg_resting_heart_rate], [avg_daily_steps], [avg_sleep_hours], [avg_deep_sleep_hours], [avg_daily_calories], [avg_exercise_minutes], [avg_stress_level], [avg_blood_oxygen], [total_active_days], [workout_frequency], [achievement_rate]) VALUES (N'MHM011', N'TH011', CAST(N'2023-06-01' AS Date), 72, 61, 11234, CAST(7.3 AS Decimal(3, 1)), CAST(2.0 AS Decimal(3, 1)), 2234, 44, CAST(3.3 AS Decimal(3, 1)), CAST(98.2 AS Decimal(4, 1)), 27, 4, CAST(0.84 AS Decimal(3, 2)))
INSERT [dbo].[HealthMetrics] ([record_id], [user_id], [month_date], [avg_heart_rate], [avg_resting_heart_rate], [avg_daily_steps], [avg_sleep_hours], [avg_deep_sleep_hours], [avg_daily_calories], [avg_exercise_minutes], [avg_stress_level], [avg_blood_oxygen], [total_active_days], [workout_frequency], [achievement_rate]) VALUES (N'MHM012', N'TH012', CAST(N'2023-06-01' AS Date), 70, 60, 9123, CAST(6.6 AS Decimal(3, 1)), CAST(1.6 AS Decimal(3, 1)), 1945, 28, CAST(3.7 AS Decimal(3, 1)), CAST(98.0 AS Decimal(4, 1)), 25, 3, CAST(0.75 AS Decimal(3, 2)))
INSERT [dbo].[HealthMetrics] ([record_id], [user_id], [month_date], [avg_heart_rate], [avg_resting_heart_rate], [avg_daily_steps], [avg_sleep_hours], [avg_deep_sleep_hours], [avg_daily_calories], [avg_exercise_minutes], [avg_stress_level], [avg_blood_oxygen], [total_active_days], [workout_frequency], [achievement_rate]) VALUES (N'MHM013', N'TH013', CAST(N'2023-06-01' AS Date), 73, 62, 11678, CAST(7.4 AS Decimal(3, 1)), CAST(2.1 AS Decimal(3, 1)), 2345, 46, CAST(3.2 AS Decimal(3, 1)), CAST(98.3 AS Decimal(4, 1)), 28, 4, CAST(0.86 AS Decimal(3, 2)))
INSERT [dbo].[HealthMetrics] ([record_id], [user_id], [month_date], [avg_heart_rate], [avg_resting_heart_rate], [avg_daily_steps], [avg_sleep_hours], [avg_deep_sleep_hours], [avg_daily_calories], [avg_exercise_minutes], [avg_stress_level], [avg_blood_oxygen], [total_active_days], [workout_frequency], [achievement_rate]) VALUES (N'MHM014', N'TH014', CAST(N'2023-06-01' AS Date), 77, 65, 14123, CAST(7.8 AS Decimal(3, 1)), CAST(2.3 AS Decimal(3, 1)), 2789, 60, CAST(2.4 AS Decimal(3, 1)), CAST(98.6 AS Decimal(4, 1)), 30, 5, CAST(0.93 AS Decimal(3, 2)))
INSERT [dbo].[HealthMetrics] ([record_id], [user_id], [month_date], [avg_heart_rate], [avg_resting_heart_rate], [avg_daily_steps], [avg_sleep_hours], [avg_deep_sleep_hours], [avg_daily_calories], [avg_exercise_minutes], [avg_stress_level], [avg_blood_oxygen], [total_active_days], [workout_frequency], [achievement_rate]) VALUES (N'MHM015', N'TH015', CAST(N'2023-06-01' AS Date), 66, 57, 6987, CAST(6.0 AS Decimal(3, 1)), CAST(1.2 AS Decimal(3, 1)), 1587, 18, CAST(4.2 AS Decimal(3, 1)), CAST(97.6 AS Decimal(4, 1)), 21, 2, CAST(0.62 AS Decimal(3, 2)))
INSERT [dbo].[HealthMetrics] ([record_id], [user_id], [month_date], [avg_heart_rate], [avg_resting_heart_rate], [avg_daily_steps], [avg_sleep_hours], [avg_deep_sleep_hours], [avg_daily_calories], [avg_exercise_minutes], [avg_stress_level], [avg_blood_oxygen], [total_active_days], [workout_frequency], [achievement_rate]) VALUES (N'MHM016', N'TH016', CAST(N'2023-06-01' AS Date), 74, 63, 12345, CAST(7.5 AS Decimal(3, 1)), CAST(2.1 AS Decimal(3, 1)), 2456, 50, CAST(3.0 AS Decimal(3, 1)), CAST(98.4 AS Decimal(4, 1)), 28, 4, CAST(0.87 AS Decimal(3, 2)))
INSERT [dbo].[HealthMetrics] ([record_id], [user_id], [month_date], [avg_heart_rate], [avg_resting_heart_rate], [avg_daily_steps], [avg_sleep_hours], [avg_deep_sleep_hours], [avg_daily_calories], [avg_exercise_minutes], [avg_stress_level], [avg_blood_oxygen], [total_active_days], [workout_frequency], [achievement_rate]) VALUES (N'MHM017', N'TH017', CAST(N'2023-06-01' AS Date), 69, 59, 8234, CAST(6.4 AS Decimal(3, 1)), CAST(1.4 AS Decimal(3, 1)), 1823, 24, CAST(3.8 AS Decimal(3, 1)), CAST(97.9 AS Decimal(4, 1)), 24, 3, CAST(0.71 AS Decimal(3, 2)))
INSERT [dbo].[HealthMetrics] ([record_id], [user_id], [month_date], [avg_heart_rate], [avg_resting_heart_rate], [avg_daily_steps], [avg_sleep_hours], [avg_deep_sleep_hours], [avg_daily_calories], [avg_exercise_minutes], [avg_stress_level], [avg_blood_oxygen], [total_active_days], [workout_frequency], [achievement_rate]) VALUES (N'MHM018', N'TH018', CAST(N'2023-06-01' AS Date), 75, 64, 13234, CAST(7.6 AS Decimal(3, 1)), CAST(2.2 AS Decimal(3, 1)), 2634, 54, CAST(2.7 AS Decimal(3, 1)), CAST(98.5 AS Decimal(4, 1)), 29, 5, CAST(0.89 AS Decimal(3, 2)))
INSERT [dbo].[HealthMetrics] ([record_id], [user_id], [month_date], [avg_heart_rate], [avg_resting_heart_rate], [avg_daily_steps], [avg_sleep_hours], [avg_deep_sleep_hours], [avg_daily_calories], [avg_exercise_minutes], [avg_stress_level], [avg_blood_oxygen], [total_active_days], [workout_frequency], [achievement_rate]) VALUES (N'MHM019', N'TH019', CAST(N'2023-06-01' AS Date), 68, 58, 7645, CAST(6.2 AS Decimal(3, 1)), CAST(1.3 AS Decimal(3, 1)), 1698, 21, CAST(4.0 AS Decimal(3, 1)), CAST(97.8 AS Decimal(4, 1)), 23, 2, CAST(0.67 AS Decimal(3, 2)))
INSERT [dbo].[HealthMetrics] ([record_id], [user_id], [month_date], [avg_heart_rate], [avg_resting_heart_rate], [avg_daily_steps], [avg_sleep_hours], [avg_deep_sleep_hours], [avg_daily_calories], [avg_exercise_minutes], [avg_stress_level], [avg_blood_oxygen], [total_active_days], [workout_frequency], [achievement_rate]) VALUES (N'MHM020', N'TH020', CAST(N'2023-06-01' AS Date), 73, 62, 11897, CAST(7.3 AS Decimal(3, 1)), CAST(2.0 AS Decimal(3, 1)), 2378, 47, CAST(3.1 AS Decimal(3, 1)), CAST(98.3 AS Decimal(4, 1)), 28, 4, CAST(0.85 AS Decimal(3, 2)))
INSERT [dbo].[HealthMetrics] ([record_id], [user_id], [month_date], [avg_heart_rate], [avg_resting_heart_rate], [avg_daily_steps], [avg_sleep_hours], [avg_deep_sleep_hours], [avg_daily_calories], [avg_exercise_minutes], [avg_stress_level], [avg_blood_oxygen], [total_active_days], [workout_frequency], [achievement_rate]) VALUES (N'MHM021', N'TH021', CAST(N'2023-06-01' AS Date), 67, 58, 7456, CAST(6.1 AS Decimal(3, 1)), CAST(1.3 AS Decimal(3, 1)), 1676, 20, CAST(4.1 AS Decimal(3, 1)), CAST(97.7 AS Decimal(4, 1)), 22, 2, CAST(0.66 AS Decimal(3, 2)))
INSERT [dbo].[HealthMetrics] ([record_id], [user_id], [month_date], [avg_heart_rate], [avg_resting_heart_rate], [avg_daily_steps], [avg_sleep_hours], [avg_deep_sleep_hours], [avg_daily_calories], [avg_exercise_minutes], [avg_stress_level], [avg_blood_oxygen], [total_active_days], [workout_frequency], [achievement_rate]) VALUES (N'MHM022', N'TH022', CAST(N'2023-06-01' AS Date), 78, 66, 14567, CAST(7.9 AS Decimal(3, 1)), CAST(2.4 AS Decimal(3, 1)), 2845, 62, CAST(2.3 AS Decimal(3, 1)), CAST(98.7 AS Decimal(4, 1)), 30, 6, CAST(0.94 AS Decimal(3, 2)))
INSERT [dbo].[HealthMetrics] ([record_id], [user_id], [month_date], [avg_heart_rate], [avg_resting_heart_rate], [avg_daily_steps], [avg_sleep_hours], [avg_deep_sleep_hours], [avg_daily_calories], [avg_exercise_minutes], [avg_stress_level], [avg_blood_oxygen], [total_active_days], [workout_frequency], [achievement_rate]) VALUES (N'MHM023', N'TH023', CAST(N'2023-06-01' AS Date), 72, 61, 11123, CAST(7.2 AS Decimal(3, 1)), CAST(2.0 AS Decimal(3, 1)), 2245, 43, CAST(3.4 AS Decimal(3, 1)), CAST(98.2 AS Decimal(4, 1)), 27, 4, CAST(0.83 AS Decimal(3, 2)))
INSERT [dbo].[HealthMetrics] ([record_id], [user_id], [month_date], [avg_heart_rate], [avg_resting_heart_rate], [avg_daily_steps], [avg_sleep_hours], [avg_deep_sleep_hours], [avg_daily_calories], [avg_exercise_minutes], [avg_stress_level], [avg_blood_oxygen], [total_active_days], [workout_frequency], [achievement_rate]) VALUES (N'MHM024', N'TH024', CAST(N'2023-06-01' AS Date), 77, 65, 14234, CAST(7.8 AS Decimal(3, 1)), CAST(2.3 AS Decimal(3, 1)), 2798, 59, CAST(2.5 AS Decimal(3, 1)), CAST(98.6 AS Decimal(4, 1)), 30, 5, CAST(0.92 AS Decimal(3, 2)))
INSERT [dbo].[HealthMetrics] ([record_id], [user_id], [month_date], [avg_heart_rate], [avg_resting_heart_rate], [avg_daily_steps], [avg_sleep_hours], [avg_deep_sleep_hours], [avg_daily_calories], [avg_exercise_minutes], [avg_stress_level], [avg_blood_oxygen], [total_active_days], [workout_frequency], [achievement_rate]) VALUES (N'MHM025', N'TH025', CAST(N'2023-06-01' AS Date), 66, 57, 6876, CAST(6.0 AS Decimal(3, 1)), CAST(1.2 AS Decimal(3, 1)), 1565, 17, CAST(4.3 AS Decimal(3, 1)), CAST(97.6 AS Decimal(4, 1)), 20, 2, CAST(0.61 AS Decimal(3, 2)))
INSERT [dbo].[HealthMetrics] ([record_id], [user_id], [month_date], [avg_heart_rate], [avg_resting_heart_rate], [avg_daily_steps], [avg_sleep_hours], [avg_deep_sleep_hours], [avg_daily_calories], [avg_exercise_minutes], [avg_stress_level], [avg_blood_oxygen], [total_active_days], [workout_frequency], [achievement_rate]) VALUES (N'MHM026', N'TH026', CAST(N'2023-06-01' AS Date), 74, 63, 12567, CAST(7.5 AS Decimal(3, 1)), CAST(2.1 AS Decimal(3, 1)), 2467, 51, CAST(2.9 AS Decimal(3, 1)), CAST(98.4 AS Decimal(4, 1)), 28, 4, CAST(0.88 AS Decimal(3, 2)))
INSERT [dbo].[HealthMetrics] ([record_id], [user_id], [month_date], [avg_heart_rate], [avg_resting_heart_rate], [avg_daily_steps], [avg_sleep_hours], [avg_deep_sleep_hours], [avg_daily_calories], [avg_exercise_minutes], [avg_stress_level], [avg_blood_oxygen], [total_active_days], [workout_frequency], [achievement_rate]) VALUES (N'MHM027', N'TH027', CAST(N'2023-06-01' AS Date), 73, 62, 11789, CAST(7.4 AS Decimal(3, 1)), CAST(2.1 AS Decimal(3, 1)), 2356, 45, CAST(3.2 AS Decimal(3, 1)), CAST(98.3 AS Decimal(4, 1)), 27, 4, CAST(0.85 AS Decimal(3, 2)))
INSERT [dbo].[HealthMetrics] ([record_id], [user_id], [month_date], [avg_heart_rate], [avg_resting_heart_rate], [avg_daily_steps], [avg_sleep_hours], [avg_deep_sleep_hours], [avg_daily_calories], [avg_exercise_minutes], [avg_stress_level], [avg_blood_oxygen], [total_active_days], [workout_frequency], [achievement_rate]) VALUES (N'MHM028', N'TH028', CAST(N'2023-06-01' AS Date), 76, 64, 13876, CAST(7.7 AS Decimal(3, 1)), CAST(2.2 AS Decimal(3, 1)), 2723, 57, CAST(2.6 AS Decimal(3, 1)), CAST(98.5 AS Decimal(4, 1)), 29, 5, CAST(0.91 AS Decimal(3, 2)))
INSERT [dbo].[HealthMetrics] ([record_id], [user_id], [month_date], [avg_heart_rate], [avg_resting_heart_rate], [avg_daily_steps], [avg_sleep_hours], [avg_deep_sleep_hours], [avg_daily_calories], [avg_exercise_minutes], [avg_stress_level], [avg_blood_oxygen], [total_active_days], [workout_frequency], [achievement_rate]) VALUES (N'MHM029', N'TH029', CAST(N'2023-06-01' AS Date), 68, 59, 7987, CAST(6.3 AS Decimal(3, 1)), CAST(1.4 AS Decimal(3, 1)), 1787, 23, CAST(3.9 AS Decimal(3, 1)), CAST(97.8 AS Decimal(4, 1)), 24, 2, CAST(0.69 AS Decimal(3, 2)))
INSERT [dbo].[HealthMetrics] ([record_id], [user_id], [month_date], [avg_heart_rate], [avg_resting_heart_rate], [avg_daily_steps], [avg_sleep_hours], [avg_deep_sleep_hours], [avg_daily_calories], [avg_exercise_minutes], [avg_stress_level], [avg_blood_oxygen], [total_active_days], [workout_frequency], [achievement_rate]) VALUES (N'MHM030', N'TH030', CAST(N'2023-06-01' AS Date), 75, 64, 13123, CAST(7.6 AS Decimal(3, 1)), CAST(2.2 AS Decimal(3, 1)), 2645, 55, CAST(2.8 AS Decimal(3, 1)), CAST(98.5 AS Decimal(4, 1)), 29, 5, CAST(0.90 AS Decimal(3, 2)))
INSERT [dbo].[HealthMetrics] ([record_id], [user_id], [month_date], [avg_heart_rate], [avg_resting_heart_rate], [avg_daily_steps], [avg_sleep_hours], [avg_deep_sleep_hours], [avg_daily_calories], [avg_exercise_minutes], [avg_stress_level], [avg_blood_oxygen], [total_active_days], [workout_frequency], [achievement_rate]) VALUES (N'MHM031', N'TH031', CAST(N'2023-06-01' AS Date), 73, 62, 11456, CAST(7.3 AS Decimal(3, 1)), CAST(2.0 AS Decimal(3, 1)), 2289, 44, CAST(3.3 AS Decimal(3, 1)), CAST(98.3 AS Decimal(4, 1)), 28, 4, CAST(0.84 AS Decimal(3, 2)))
INSERT [dbo].[HealthMetrics] ([record_id], [user_id], [month_date], [avg_heart_rate], [avg_resting_heart_rate], [avg_daily_steps], [avg_sleep_hours], [avg_deep_sleep_hours], [avg_daily_calories], [avg_exercise_minutes], [avg_stress_level], [avg_blood_oxygen], [total_active_days], [workout_frequency], [achievement_rate]) VALUES (N'MHM032', N'TH032', CAST(N'2023-06-01' AS Date), 77, 65, 14345, CAST(7.8 AS Decimal(3, 1)), CAST(2.3 AS Decimal(3, 1)), 2812, 61, CAST(2.4 AS Decimal(3, 1)), CAST(98.6 AS Decimal(4, 1)), 30, 5, CAST(0.93 AS Decimal(3, 2)))
INSERT [dbo].[HealthMetrics] ([record_id], [user_id], [month_date], [avg_heart_rate], [avg_resting_heart_rate], [avg_daily_steps], [avg_sleep_hours], [avg_deep_sleep_hours], [avg_daily_calories], [avg_exercise_minutes], [avg_stress_level], [avg_blood_oxygen], [total_active_days], [workout_frequency], [achievement_rate]) VALUES (N'MHM033', N'TH033', CAST(N'2023-06-01' AS Date), 67, 58, 7345, CAST(6.2 AS Decimal(3, 1)), CAST(1.3 AS Decimal(3, 1)), 1654, 19, CAST(4.1 AS Decimal(3, 1)), CAST(97.7 AS Decimal(4, 1)), 22, 2, CAST(0.65 AS Decimal(3, 2)))
INSERT [dbo].[HealthMetrics] ([record_id], [user_id], [month_date], [avg_heart_rate], [avg_resting_heart_rate], [avg_daily_steps], [avg_sleep_hours], [avg_deep_sleep_hours], [avg_daily_calories], [avg_exercise_minutes], [avg_stress_level], [avg_blood_oxygen], [total_active_days], [workout_frequency], [achievement_rate]) VALUES (N'MHM034', N'TH034', CAST(N'2023-06-01' AS Date), 74, 63, 12678, CAST(7.5 AS Decimal(3, 1)), CAST(2.1 AS Decimal(3, 1)), 2478, 52, CAST(2.9 AS Decimal(3, 1)), CAST(98.4 AS Decimal(4, 1)), 28, 4, CAST(0.87 AS Decimal(3, 2)))
INSERT [dbo].[HealthMetrics] ([record_id], [user_id], [month_date], [avg_heart_rate], [avg_resting_heart_rate], [avg_daily_steps], [avg_sleep_hours], [avg_deep_sleep_hours], [avg_daily_calories], [avg_exercise_minutes], [avg_stress_level], [avg_blood_oxygen], [total_active_days], [workout_frequency], [achievement_rate]) VALUES (N'MHM035', N'TH035', CAST(N'2023-06-01' AS Date), 73, 62, 11567, CAST(7.4 AS Decimal(3, 1)), CAST(2.1 AS Decimal(3, 1)), 2334, 46, CAST(3.2 AS Decimal(3, 1)), CAST(98.3 AS Decimal(4, 1)), 27, 4, CAST(0.85 AS Decimal(3, 2)))
INSERT [dbo].[HealthMetrics] ([record_id], [user_id], [month_date], [avg_heart_rate], [avg_resting_heart_rate], [avg_daily_steps], [avg_sleep_hours], [avg_deep_sleep_hours], [avg_daily_calories], [avg_exercise_minutes], [avg_stress_level], [avg_blood_oxygen], [total_active_days], [workout_frequency], [achievement_rate]) VALUES (N'MHM036', N'TH036', CAST(N'2023-06-01' AS Date), 78, 66, 14789, CAST(7.9 AS Decimal(3, 1)), CAST(2.4 AS Decimal(3, 1)), 2867, 63, CAST(2.3 AS Decimal(3, 1)), CAST(98.7 AS Decimal(4, 1)), 30, 6, CAST(0.94 AS Decimal(3, 2)))
INSERT [dbo].[HealthMetrics] ([record_id], [user_id], [month_date], [avg_heart_rate], [avg_resting_heart_rate], [avg_daily_steps], [avg_sleep_hours], [avg_deep_sleep_hours], [avg_daily_calories], [avg_exercise_minutes], [avg_stress_level], [avg_blood_oxygen], [total_active_days], [workout_frequency], [achievement_rate]) VALUES (N'MHM037', N'TH037', CAST(N'2023-06-01' AS Date), 66, 57, 6789, CAST(6.0 AS Decimal(3, 1)), CAST(1.2 AS Decimal(3, 1)), 1543, 18, CAST(4.2 AS Decimal(3, 1)), CAST(97.6 AS Decimal(4, 1)), 21, 2, CAST(0.62 AS Decimal(3, 2)))
INSERT [dbo].[HealthMetrics] ([record_id], [user_id], [month_date], [avg_heart_rate], [avg_resting_heart_rate], [avg_daily_steps], [avg_sleep_hours], [avg_deep_sleep_hours], [avg_daily_calories], [avg_exercise_minutes], [avg_stress_level], [avg_blood_oxygen], [total_active_days], [workout_frequency], [achievement_rate]) VALUES (N'MHM038', N'TH038', CAST(N'2023-06-01' AS Date), 75, 64, 13345, CAST(7.6 AS Decimal(3, 1)), CAST(2.2 AS Decimal(3, 1)), 2656, 56, CAST(2.7 AS Decimal(3, 1)), CAST(98.5 AS Decimal(4, 1)), 29, 5, CAST(0.89 AS Decimal(3, 2)))
INSERT [dbo].[HealthMetrics] ([record_id], [user_id], [month_date], [avg_heart_rate], [avg_resting_heart_rate], [avg_daily_steps], [avg_sleep_hours], [avg_deep_sleep_hours], [avg_daily_calories], [avg_exercise_minutes], [avg_stress_level], [avg_blood_oxygen], [total_active_days], [workout_frequency], [achievement_rate]) VALUES (N'MHM039', N'TH039', CAST(N'2023-06-01' AS Date), 73, 62, 11678, CAST(7.4 AS Decimal(3, 1)), CAST(2.1 AS Decimal(3, 1)), 2367, 47, CAST(3.1 AS Decimal(3, 1)), CAST(98.3 AS Decimal(4, 1)), 28, 4, CAST(0.86 AS Decimal(3, 2)))
INSERT [dbo].[HealthMetrics] ([record_id], [user_id], [month_date], [avg_heart_rate], [avg_resting_heart_rate], [avg_daily_steps], [avg_sleep_hours], [avg_deep_sleep_hours], [avg_daily_calories], [avg_exercise_minutes], [avg_stress_level], [avg_blood_oxygen], [total_active_days], [workout_frequency], [achievement_rate]) VALUES (N'MHM040', N'TH040', CAST(N'2023-06-01' AS Date), 77, 65, 14456, CAST(7.8 AS Decimal(3, 1)), CAST(2.3 AS Decimal(3, 1)), 2834, 62, CAST(2.4 AS Decimal(3, 1)), CAST(98.6 AS Decimal(4, 1)), 30, 5, CAST(0.93 AS Decimal(3, 2)))
INSERT [dbo].[HealthMetrics] ([record_id], [user_id], [month_date], [avg_heart_rate], [avg_resting_heart_rate], [avg_daily_steps], [avg_sleep_hours], [avg_deep_sleep_hours], [avg_daily_calories], [avg_exercise_minutes], [avg_stress_level], [avg_blood_oxygen], [total_active_days], [workout_frequency], [achievement_rate]) VALUES (N'MHM041', N'TH041', CAST(N'2023-06-01' AS Date), 68, 59, 7876, CAST(6.3 AS Decimal(3, 1)), CAST(1.4 AS Decimal(3, 1)), 1765, 22, CAST(4.0 AS Decimal(3, 1)), CAST(97.8 AS Decimal(4, 1)), 23, 2, CAST(0.68 AS Decimal(3, 2)))
INSERT [dbo].[HealthMetrics] ([record_id], [user_id], [month_date], [avg_heart_rate], [avg_resting_heart_rate], [avg_daily_steps], [avg_sleep_hours], [avg_deep_sleep_hours], [avg_daily_calories], [avg_exercise_minutes], [avg_stress_level], [avg_blood_oxygen], [total_active_days], [workout_frequency], [achievement_rate]) VALUES (N'MHM042', N'TH042', CAST(N'2023-06-01' AS Date), 78, 66, 14678, CAST(7.9 AS Decimal(3, 1)), CAST(2.4 AS Decimal(3, 1)), 2856, 64, CAST(2.3 AS Decimal(3, 1)), CAST(98.7 AS Decimal(4, 1)), 30, 6, CAST(0.95 AS Decimal(3, 2)))
INSERT [dbo].[HealthMetrics] ([record_id], [user_id], [month_date], [avg_heart_rate], [avg_resting_heart_rate], [avg_daily_steps], [avg_sleep_hours], [avg_deep_sleep_hours], [avg_daily_calories], [avg_exercise_minutes], [avg_stress_level], [avg_blood_oxygen], [total_active_days], [workout_frequency], [achievement_rate]) VALUES (N'MHM043', N'TH043', CAST(N'2023-06-01' AS Date), 74, 63, 12234, CAST(7.5 AS Decimal(3, 1)), CAST(2.1 AS Decimal(3, 1)), 2445, 49, CAST(3.0 AS Decimal(3, 1)), CAST(98.4 AS Decimal(4, 1)), 28, 4, CAST(0.87 AS Decimal(3, 2)))
INSERT [dbo].[HealthMetrics] ([record_id], [user_id], [month_date], [avg_heart_rate], [avg_resting_heart_rate], [avg_daily_steps], [avg_sleep_hours], [avg_deep_sleep_hours], [avg_daily_calories], [avg_exercise_minutes], [avg_stress_level], [avg_blood_oxygen], [total_active_days], [workout_frequency], [achievement_rate]) VALUES (N'MHM044', N'TH044', CAST(N'2023-06-01' AS Date), 75, 64, 13234, CAST(7.6 AS Decimal(3, 1)), CAST(2.2 AS Decimal(3, 1)), 2623, 53, CAST(2.8 AS Decimal(3, 1)), CAST(98.5 AS Decimal(4, 1)), 29, 5, CAST(0.89 AS Decimal(3, 2)))
INSERT [dbo].[HealthMetrics] ([record_id], [user_id], [month_date], [avg_heart_rate], [avg_resting_heart_rate], [avg_daily_steps], [avg_sleep_hours], [avg_deep_sleep_hours], [avg_daily_calories], [avg_exercise_minutes], [avg_stress_level], [avg_blood_oxygen], [total_active_days], [workout_frequency], [achievement_rate]) VALUES (N'MHM045', N'TH045', CAST(N'2023-06-01' AS Date), 67, 58, 7123, CAST(6.1 AS Decimal(3, 1)), CAST(1.3 AS Decimal(3, 1)), 1632, 19, CAST(4.1 AS Decimal(3, 1)), CAST(97.7 AS Decimal(4, 1)), 22, 2, CAST(0.64 AS Decimal(3, 2)))
INSERT [dbo].[HealthMetrics] ([record_id], [user_id], [month_date], [avg_heart_rate], [avg_resting_heart_rate], [avg_daily_steps], [avg_sleep_hours], [avg_deep_sleep_hours], [avg_daily_calories], [avg_exercise_minutes], [avg_stress_level], [avg_blood_oxygen], [total_active_days], [workout_frequency], [achievement_rate]) VALUES (N'MHM046', N'TH046', CAST(N'2023-06-01' AS Date), 74, 63, 12456, CAST(7.5 AS Decimal(3, 1)), CAST(2.1 AS Decimal(3, 1)), 2467, 51, CAST(2.9 AS Decimal(3, 1)), CAST(98.4 AS Decimal(4, 1)), 28, 4, CAST(0.87 AS Decimal(3, 2)))
INSERT [dbo].[HealthMetrics] ([record_id], [user_id], [month_date], [avg_heart_rate], [avg_resting_heart_rate], [avg_daily_steps], [avg_sleep_hours], [avg_deep_sleep_hours], [avg_daily_calories], [avg_exercise_minutes], [avg_stress_level], [avg_blood_oxygen], [total_active_days], [workout_frequency], [achievement_rate]) VALUES (N'MHM047', N'TH047', CAST(N'2023-06-01' AS Date), 75, 64, 13123, CAST(7.6 AS Decimal(3, 1)), CAST(2.2 AS Decimal(3, 1)), 2634, 54, CAST(2.8 AS Decimal(3, 1)), CAST(98.5 AS Decimal(4, 1)), 29, 5, CAST(0.90 AS Decimal(3, 2)))
INSERT [dbo].[HealthMetrics] ([record_id], [user_id], [month_date], [avg_heart_rate], [avg_resting_heart_rate], [avg_daily_steps], [avg_sleep_hours], [avg_deep_sleep_hours], [avg_daily_calories], [avg_exercise_minutes], [avg_stress_level], [avg_blood_oxygen], [total_active_days], [workout_frequency], [achievement_rate]) VALUES (N'MHM048', N'TH048', CAST(N'2023-06-01' AS Date), 77, 65, 14234, CAST(7.8 AS Decimal(3, 1)), CAST(2.3 AS Decimal(3, 1)), 2789, 60, CAST(2.4 AS Decimal(3, 1)), CAST(98.6 AS Decimal(4, 1)), 30, 5, CAST(0.93 AS Decimal(3, 2)))
INSERT [dbo].[HealthMetrics] ([record_id], [user_id], [month_date], [avg_heart_rate], [avg_resting_heart_rate], [avg_daily_steps], [avg_sleep_hours], [avg_deep_sleep_hours], [avg_daily_calories], [avg_exercise_minutes], [avg_stress_level], [avg_blood_oxygen], [total_active_days], [workout_frequency], [achievement_rate]) VALUES (N'MHM049', N'TH049', CAST(N'2023-06-01' AS Date), 66, 57, 6876, CAST(6.0 AS Decimal(3, 1)), CAST(1.2 AS Decimal(3, 1)), 1576, 18, CAST(4.2 AS Decimal(3, 1)), CAST(97.6 AS Decimal(4, 1)), 21, 2, CAST(0.63 AS Decimal(3, 2)))
INSERT [dbo].[HealthMetrics] ([record_id], [user_id], [month_date], [avg_heart_rate], [avg_resting_heart_rate], [avg_daily_steps], [avg_sleep_hours], [avg_deep_sleep_hours], [avg_daily_calories], [avg_exercise_minutes], [avg_stress_level], [avg_blood_oxygen], [total_active_days], [workout_frequency], [achievement_rate]) VALUES (N'MHM050', N'TH050', CAST(N'2023-06-01' AS Date), 74, 63, 12345, CAST(7.5 AS Decimal(3, 1)), CAST(2.1 AS Decimal(3, 1)), 2456, 50, CAST(3.0 AS Decimal(3, 1)), CAST(98.4 AS Decimal(4, 1)), 28, 4, CAST(0.87 AS Decimal(3, 2)))
GO
SET IDENTITY_INSERT [dbo].[Products] ON 

INSERT [dbo].[Products] ([product_key], [product_id], [product_name], [product_category]) VALUES (1, N'ACC-001', N'Sports Band', N'Accessory')
INSERT [dbo].[Products] ([product_key], [product_id], [product_name], [product_category]) VALUES (2, N'ACC-002', N'Charging Dock', N'Accessory')
INSERT [dbo].[Products] ([product_key], [product_id], [product_name], [product_category]) VALUES (3, N'ELT-001', N'HealthTrack Elite', N'Device')
INSERT [dbo].[Products] ([product_key], [product_id], [product_name], [product_category]) VALUES (4, N'LIT-001', N'HealthTrack Lite', N'Device')
INSERT [dbo].[Products] ([product_key], [product_id], [product_name], [product_category]) VALUES (5, N'PRO-001', N'HealthTrack Pro', N'Device')
INSERT [dbo].[Products] ([product_key], [product_id], [product_name], [product_category]) VALUES (6, N'PRO-002', N'HealthTrack Pro 2', N'Device')
INSERT [dbo].[Products] ([product_key], [product_id], [product_name], [product_category]) VALUES (7, N'SUB-001', N'Premium Subscription', N'Subscription')
INSERT [dbo].[Products] ([product_key], [product_id], [product_name], [product_category]) VALUES (8, N'SUB-001-RENEW', N'Premium Subscription Renewal', N'Subscription')
INSERT [dbo].[Products] ([product_key], [product_id], [product_name], [product_category]) VALUES (9, N'SUB-002', N'Basic Subscription', N'Subscription')
INSERT [dbo].[Products] ([product_key], [product_id], [product_name], [product_category]) VALUES (10, N'SUB-003', N'Enterprise Subscription', N'Subscription')
SET IDENTITY_INSERT [dbo].[Products] OFF
GO
INSERT [dbo].[Sales] ([sale_id], [user_id], [sale_date], [product_id], [unit_price], [quantity], [discount_applied], [total_amount], [payment_method], [subscription_plan], [sales_channel], [region], [sales_rep_id]) VALUES (N'S001', N'TH001', CAST(N'2022-01-15' AS Date), N'PRO-001', CAST(299.99 AS Decimal(10, 2)), 1, CAST(5.00 AS Decimal(5, 2)), CAST(284.99 AS Decimal(10, 2)), N'Credit Card', N'Premium', N'Online', N'Northeast', N'REP001')
INSERT [dbo].[Sales] ([sale_id], [user_id], [sale_date], [product_id], [unit_price], [quantity], [discount_applied], [total_amount], [payment_method], [subscription_plan], [sales_channel], [region], [sales_rep_id]) VALUES (N'S002', N'TH001', CAST(N'2022-01-15' AS Date), N'SUB-001', CAST(14.99 AS Decimal(10, 2)), 12, CAST(10.00 AS Decimal(5, 2)), CAST(161.89 AS Decimal(10, 2)), N'Credit Card', N'Premium', N'Online', N'Northeast', N'REP001')
INSERT [dbo].[Sales] ([sale_id], [user_id], [sale_date], [product_id], [unit_price], [quantity], [discount_applied], [total_amount], [payment_method], [subscription_plan], [sales_channel], [region], [sales_rep_id]) VALUES (N'S003', N'TH001', CAST(N'2022-01-15' AS Date), N'ACC-001', CAST(29.99 AS Decimal(10, 2)), 2, CAST(0.00 AS Decimal(5, 2)), CAST(59.98 AS Decimal(10, 2)), N'Credit Card', N'Premium', N'Online', N'Northeast', N'REP001')
INSERT [dbo].[Sales] ([sale_id], [user_id], [sale_date], [product_id], [unit_price], [quantity], [discount_applied], [total_amount], [payment_method], [subscription_plan], [sales_channel], [region], [sales_rep_id]) VALUES (N'S004', N'TH002', CAST(N'2021-11-30' AS Date), N'LIT-001', CAST(199.99 AS Decimal(10, 2)), 1, CAST(20.00 AS Decimal(5, 2)), CAST(159.99 AS Decimal(10, 2)), N'PayPal', N'Basic', N'Retail', N'Europe', N'REP005')
INSERT [dbo].[Sales] ([sale_id], [user_id], [sale_date], [product_id], [unit_price], [quantity], [discount_applied], [total_amount], [payment_method], [subscription_plan], [sales_channel], [region], [sales_rep_id]) VALUES (N'S005', N'TH002', CAST(N'2021-11-30' AS Date), N'SUB-002', CAST(9.99 AS Decimal(10, 2)), 12, CAST(0.00 AS Decimal(5, 2)), CAST(119.88 AS Decimal(10, 2)), N'PayPal', N'Basic', N'Retail', N'Europe', N'REP005')
INSERT [dbo].[Sales] ([sale_id], [user_id], [sale_date], [product_id], [unit_price], [quantity], [discount_applied], [total_amount], [payment_method], [subscription_plan], [sales_channel], [region], [sales_rep_id]) VALUES (N'S006', N'TH003', CAST(N'2022-03-22' AS Date), N'PRO-001', CAST(299.99 AS Decimal(10, 2)), 1, CAST(15.00 AS Decimal(5, 2)), CAST(254.99 AS Decimal(10, 2)), N'Credit Card', N'Premium', N'Online', N'Asia', N'REP008')
INSERT [dbo].[Sales] ([sale_id], [user_id], [sale_date], [product_id], [unit_price], [quantity], [discount_applied], [total_amount], [payment_method], [subscription_plan], [sales_channel], [region], [sales_rep_id]) VALUES (N'S007', N'TH003', CAST(N'2022-03-22' AS Date), N'SUB-001', CAST(14.99 AS Decimal(10, 2)), 12, CAST(10.00 AS Decimal(5, 2)), CAST(161.89 AS Decimal(10, 2)), N'Credit Card', N'Premium', N'Online', N'Asia', N'REP008')
INSERT [dbo].[Sales] ([sale_id], [user_id], [sale_date], [product_id], [unit_price], [quantity], [discount_applied], [total_amount], [payment_method], [subscription_plan], [sales_channel], [region], [sales_rep_id]) VALUES (N'S008', N'TH004', CAST(N'2021-08-15' AS Date), N'ELT-001', CAST(499.99 AS Decimal(10, 2)), 1, CAST(5.00 AS Decimal(5, 2)), CAST(474.99 AS Decimal(10, 2)), N'Bank Transfer', N'Enterprise', N'Direct Sales', N'Northeast', N'REP002')
INSERT [dbo].[Sales] ([sale_id], [user_id], [sale_date], [product_id], [unit_price], [quantity], [discount_applied], [total_amount], [payment_method], [subscription_plan], [sales_channel], [region], [sales_rep_id]) VALUES (N'S009', N'TH004', CAST(N'2021-08-15' AS Date), N'SUB-003', CAST(24.99 AS Decimal(10, 2)), 12, CAST(15.00 AS Decimal(5, 2)), CAST(254.90 AS Decimal(10, 2)), N'Bank Transfer', N'Enterprise', N'Direct Sales', N'Northeast', N'REP002')
INSERT [dbo].[Sales] ([sale_id], [user_id], [sale_date], [product_id], [unit_price], [quantity], [discount_applied], [total_amount], [payment_method], [subscription_plan], [sales_channel], [region], [sales_rep_id]) VALUES (N'S010', N'TH005', CAST(N'2022-02-28' AS Date), N'PRO-001', CAST(299.99 AS Decimal(10, 2)), 1, CAST(5.00 AS Decimal(5, 2)), CAST(284.99 AS Decimal(10, 2)), N'Credit Card', N'Premium', N'Online', N'West', N'REP003')
INSERT [dbo].[Sales] ([sale_id], [user_id], [sale_date], [product_id], [unit_price], [quantity], [discount_applied], [total_amount], [payment_method], [subscription_plan], [sales_channel], [region], [sales_rep_id]) VALUES (N'S011', N'TH005', CAST(N'2022-02-28' AS Date), N'SUB-001', CAST(14.99 AS Decimal(10, 2)), 12, CAST(10.00 AS Decimal(5, 2)), CAST(161.89 AS Decimal(10, 2)), N'Credit Card', N'Premium', N'Online', N'West', N'REP003')
INSERT [dbo].[Sales] ([sale_id], [user_id], [sale_date], [product_id], [unit_price], [quantity], [discount_applied], [total_amount], [payment_method], [subscription_plan], [sales_channel], [region], [sales_rep_id]) VALUES (N'S012', N'TH006', CAST(N'2021-12-05' AS Date), N'ELT-001', CAST(499.99 AS Decimal(10, 2)), 1, CAST(10.00 AS Decimal(5, 2)), CAST(449.99 AS Decimal(10, 2)), N'Credit Card', N'Enterprise', N'Direct Sales', N'South', N'REP004')
INSERT [dbo].[Sales] ([sale_id], [user_id], [sale_date], [product_id], [unit_price], [quantity], [discount_applied], [total_amount], [payment_method], [subscription_plan], [sales_channel], [region], [sales_rep_id]) VALUES (N'S013', N'TH006', CAST(N'2021-12-05' AS Date), N'SUB-003', CAST(24.99 AS Decimal(10, 2)), 12, CAST(15.00 AS Decimal(5, 2)), CAST(254.90 AS Decimal(10, 2)), N'Credit Card', N'Enterprise', N'Direct Sales', N'South', N'REP004')
INSERT [dbo].[Sales] ([sale_id], [user_id], [sale_date], [product_id], [unit_price], [quantity], [discount_applied], [total_amount], [payment_method], [subscription_plan], [sales_channel], [region], [sales_rep_id]) VALUES (N'S014', N'TH007', CAST(N'2022-04-10' AS Date), N'LIT-001', CAST(199.99 AS Decimal(10, 2)), 1, CAST(0.00 AS Decimal(5, 2)), CAST(199.99 AS Decimal(10, 2)), N'PayPal', N'Basic', N'Online', N'Canada', N'REP006')
INSERT [dbo].[Sales] ([sale_id], [user_id], [sale_date], [product_id], [unit_price], [quantity], [discount_applied], [total_amount], [payment_method], [subscription_plan], [sales_channel], [region], [sales_rep_id]) VALUES (N'S015', N'TH007', CAST(N'2022-04-10' AS Date), N'SUB-002', CAST(9.99 AS Decimal(10, 2)), 12, CAST(0.00 AS Decimal(5, 2)), CAST(119.88 AS Decimal(10, 2)), N'PayPal', N'Basic', N'Online', N'Canada', N'REP006')
INSERT [dbo].[Sales] ([sale_id], [user_id], [sale_date], [product_id], [unit_price], [quantity], [discount_applied], [total_amount], [payment_method], [subscription_plan], [sales_channel], [region], [sales_rep_id]) VALUES (N'S016', N'TH008', CAST(N'2022-01-20' AS Date), N'PRO-001', CAST(299.99 AS Decimal(10, 2)), 1, CAST(5.00 AS Decimal(5, 2)), CAST(284.99 AS Decimal(10, 2)), N'Credit Card', N'Premium', N'Online', N'Australia', N'REP009')
INSERT [dbo].[Sales] ([sale_id], [user_id], [sale_date], [product_id], [unit_price], [quantity], [discount_applied], [total_amount], [payment_method], [subscription_plan], [sales_channel], [region], [sales_rep_id]) VALUES (N'S017', N'TH008', CAST(N'2022-01-20' AS Date), N'SUB-001', CAST(14.99 AS Decimal(10, 2)), 12, CAST(10.00 AS Decimal(5, 2)), CAST(161.89 AS Decimal(10, 2)), N'Credit Card', N'Premium', N'Online', N'Australia', N'REP009')
INSERT [dbo].[Sales] ([sale_id], [user_id], [sale_date], [product_id], [unit_price], [quantity], [discount_applied], [total_amount], [payment_method], [subscription_plan], [sales_channel], [region], [sales_rep_id]) VALUES (N'S018', N'TH009', CAST(N'2022-05-15' AS Date), N'LIT-001', CAST(199.99 AS Decimal(10, 2)), 1, CAST(25.00 AS Decimal(5, 2)), CAST(149.99 AS Decimal(10, 2)), N'Credit Card', N'Basic', N'Retail', N'West', N'REP003')
INSERT [dbo].[Sales] ([sale_id], [user_id], [sale_date], [product_id], [unit_price], [quantity], [discount_applied], [total_amount], [payment_method], [subscription_plan], [sales_channel], [region], [sales_rep_id]) VALUES (N'S019', N'TH009', CAST(N'2022-05-15' AS Date), N'SUB-002', CAST(9.99 AS Decimal(10, 2)), 12, CAST(0.00 AS Decimal(5, 2)), CAST(119.88 AS Decimal(10, 2)), N'Credit Card', N'Basic', N'Retail', N'West', N'REP003')
INSERT [dbo].[Sales] ([sale_id], [user_id], [sale_date], [product_id], [unit_price], [quantity], [discount_applied], [total_amount], [payment_method], [subscription_plan], [sales_channel], [region], [sales_rep_id]) VALUES (N'S020', N'TH010', CAST(N'2021-09-30' AS Date), N'ELT-001', CAST(499.99 AS Decimal(10, 2)), 1, CAST(5.00 AS Decimal(5, 2)), CAST(474.99 AS Decimal(10, 2)), N'Bank Transfer', N'Enterprise', N'Direct Sales', N'South', N'REP004')
INSERT [dbo].[Sales] ([sale_id], [user_id], [sale_date], [product_id], [unit_price], [quantity], [discount_applied], [total_amount], [payment_method], [subscription_plan], [sales_channel], [region], [sales_rep_id]) VALUES (N'S021', N'TH011', CAST(N'2022-03-01' AS Date), N'PRO-001', CAST(299.99 AS Decimal(10, 2)), 1, CAST(5.00 AS Decimal(5, 2)), CAST(284.99 AS Decimal(10, 2)), N'Credit Card', N'Premium', N'Online', N'Australia', N'REP009')
INSERT [dbo].[Sales] ([sale_id], [user_id], [sale_date], [product_id], [unit_price], [quantity], [discount_applied], [total_amount], [payment_method], [subscription_plan], [sales_channel], [region], [sales_rep_id]) VALUES (N'S022', N'TH011', CAST(N'2022-03-01' AS Date), N'SUB-001', CAST(14.99 AS Decimal(10, 2)), 12, CAST(10.00 AS Decimal(5, 2)), CAST(161.89 AS Decimal(10, 2)), N'Credit Card', N'Premium', N'Online', N'Australia', N'REP009')
INSERT [dbo].[Sales] ([sale_id], [user_id], [sale_date], [product_id], [unit_price], [quantity], [discount_applied], [total_amount], [payment_method], [subscription_plan], [sales_channel], [region], [sales_rep_id]) VALUES (N'S023', N'TH012', CAST(N'2021-10-15' AS Date), N'LIT-001', CAST(199.99 AS Decimal(10, 2)), 1, CAST(15.00 AS Decimal(5, 2)), CAST(169.99 AS Decimal(10, 2)), N'PayPal', N'Basic', N'Online', N'Canada', N'REP006')
INSERT [dbo].[Sales] ([sale_id], [user_id], [sale_date], [product_id], [unit_price], [quantity], [discount_applied], [total_amount], [payment_method], [subscription_plan], [sales_channel], [region], [sales_rep_id]) VALUES (N'S024', N'TH012', CAST(N'2021-10-15' AS Date), N'SUB-002', CAST(9.99 AS Decimal(10, 2)), 12, CAST(0.00 AS Decimal(5, 2)), CAST(119.88 AS Decimal(10, 2)), N'PayPal', N'Basic', N'Online', N'Canada', N'REP006')
INSERT [dbo].[Sales] ([sale_id], [user_id], [sale_date], [product_id], [unit_price], [quantity], [discount_applied], [total_amount], [payment_method], [subscription_plan], [sales_channel], [region], [sales_rep_id]) VALUES (N'S025', N'TH013', CAST(N'2022-02-14' AS Date), N'PRO-001', CAST(299.99 AS Decimal(10, 2)), 1, CAST(5.00 AS Decimal(5, 2)), CAST(284.99 AS Decimal(10, 2)), N'Credit Card', N'Premium', N'Retail', N'Europe', N'REP005')
INSERT [dbo].[Sales] ([sale_id], [user_id], [sale_date], [product_id], [unit_price], [quantity], [discount_applied], [total_amount], [payment_method], [subscription_plan], [sales_channel], [region], [sales_rep_id]) VALUES (N'S026', N'TH013', CAST(N'2022-02-14' AS Date), N'SUB-001', CAST(14.99 AS Decimal(10, 2)), 12, CAST(10.00 AS Decimal(5, 2)), CAST(161.89 AS Decimal(10, 2)), N'Credit Card', N'Premium', N'Retail', N'Europe', N'REP005')
INSERT [dbo].[Sales] ([sale_id], [user_id], [sale_date], [product_id], [unit_price], [quantity], [discount_applied], [total_amount], [payment_method], [subscription_plan], [sales_channel], [region], [sales_rep_id]) VALUES (N'S027', N'TH014', CAST(N'2021-11-01' AS Date), N'ELT-001', CAST(499.99 AS Decimal(10, 2)), 1, CAST(10.00 AS Decimal(5, 2)), CAST(449.99 AS Decimal(10, 2)), N'Bank Transfer', N'Enterprise', N'Direct Sales', N'Northeast', N'REP002')
INSERT [dbo].[Sales] ([sale_id], [user_id], [sale_date], [product_id], [unit_price], [quantity], [discount_applied], [total_amount], [payment_method], [subscription_plan], [sales_channel], [region], [sales_rep_id]) VALUES (N'S028', N'TH014', CAST(N'2021-11-01' AS Date), N'SUB-003', CAST(24.99 AS Decimal(10, 2)), 12, CAST(15.00 AS Decimal(5, 2)), CAST(254.90 AS Decimal(10, 2)), N'Bank Transfer', N'Enterprise', N'Direct Sales', N'Northeast', N'REP002')
INSERT [dbo].[Sales] ([sale_id], [user_id], [sale_date], [product_id], [unit_price], [quantity], [discount_applied], [total_amount], [payment_method], [subscription_plan], [sales_channel], [region], [sales_rep_id]) VALUES (N'S029', N'TH015', CAST(N'2022-06-01' AS Date), N'LIT-001', CAST(199.99 AS Decimal(10, 2)), 1, CAST(20.00 AS Decimal(5, 2)), CAST(159.99 AS Decimal(10, 2)), N'Credit Card', N'Basic', N'Online', N'West', N'REP003')
INSERT [dbo].[Sales] ([sale_id], [user_id], [sale_date], [product_id], [unit_price], [quantity], [discount_applied], [total_amount], [payment_method], [subscription_plan], [sales_channel], [region], [sales_rep_id]) VALUES (N'S030', N'TH015', CAST(N'2022-06-01' AS Date), N'SUB-002', CAST(9.99 AS Decimal(10, 2)), 12, CAST(0.00 AS Decimal(5, 2)), CAST(119.88 AS Decimal(10, 2)), N'Credit Card', N'Basic', N'Online', N'West', N'REP003')
INSERT [dbo].[Sales] ([sale_id], [user_id], [sale_date], [product_id], [unit_price], [quantity], [discount_applied], [total_amount], [payment_method], [subscription_plan], [sales_channel], [region], [sales_rep_id]) VALUES (N'S031', N'TH016', CAST(N'2022-01-05' AS Date), N'PRO-001', CAST(299.99 AS Decimal(10, 2)), 1, CAST(5.00 AS Decimal(5, 2)), CAST(284.99 AS Decimal(10, 2)), N'Credit Card', N'Premium', N'Online', N'South', N'REP004')
INSERT [dbo].[Sales] ([sale_id], [user_id], [sale_date], [product_id], [unit_price], [quantity], [discount_applied], [total_amount], [payment_method], [subscription_plan], [sales_channel], [region], [sales_rep_id]) VALUES (N'S032', N'TH016', CAST(N'2022-01-05' AS Date), N'SUB-001', CAST(14.99 AS Decimal(10, 2)), 12, CAST(10.00 AS Decimal(5, 2)), CAST(161.89 AS Decimal(10, 2)), N'Credit Card', N'Premium', N'Online', N'South', N'REP004')
INSERT [dbo].[Sales] ([sale_id], [user_id], [sale_date], [product_id], [unit_price], [quantity], [discount_applied], [total_amount], [payment_method], [subscription_plan], [sales_channel], [region], [sales_rep_id]) VALUES (N'S033', N'TH016', CAST(N'2022-01-05' AS Date), N'ACC-002', CAST(39.99 AS Decimal(10, 2)), 1, CAST(0.00 AS Decimal(5, 2)), CAST(39.99 AS Decimal(10, 2)), N'Credit Card', N'Premium', N'Online', N'South', N'REP004')
INSERT [dbo].[Sales] ([sale_id], [user_id], [sale_date], [product_id], [unit_price], [quantity], [discount_applied], [total_amount], [payment_method], [subscription_plan], [sales_channel], [region], [sales_rep_id]) VALUES (N'S034', N'TH017', CAST(N'2022-04-22' AS Date), N'LIT-001', CAST(199.99 AS Decimal(10, 2)), 1, CAST(15.00 AS Decimal(5, 2)), CAST(169.99 AS Decimal(10, 2)), N'PayPal', N'Basic', N'Retail', N'Europe', N'REP005')
INSERT [dbo].[Sales] ([sale_id], [user_id], [sale_date], [product_id], [unit_price], [quantity], [discount_applied], [total_amount], [payment_method], [subscription_plan], [sales_channel], [region], [sales_rep_id]) VALUES (N'S035', N'TH017', CAST(N'2022-04-22' AS Date), N'SUB-002', CAST(9.99 AS Decimal(10, 2)), 12, CAST(0.00 AS Decimal(5, 2)), CAST(119.88 AS Decimal(10, 2)), N'PayPal', N'Basic', N'Retail', N'Europe', N'REP005')
INSERT [dbo].[Sales] ([sale_id], [user_id], [sale_date], [product_id], [unit_price], [quantity], [discount_applied], [total_amount], [payment_method], [subscription_plan], [sales_channel], [region], [sales_rep_id]) VALUES (N'S036', N'TH018', CAST(N'2021-12-15' AS Date), N'PRO-001', CAST(299.99 AS Decimal(10, 2)), 1, CAST(5.00 AS Decimal(5, 2)), CAST(284.99 AS Decimal(10, 2)), N'Credit Card', N'Premium', N'Online', N'South', N'REP004')
INSERT [dbo].[Sales] ([sale_id], [user_id], [sale_date], [product_id], [unit_price], [quantity], [discount_applied], [total_amount], [payment_method], [subscription_plan], [sales_channel], [region], [sales_rep_id]) VALUES (N'S037', N'TH018', CAST(N'2021-12-15' AS Date), N'SUB-001', CAST(14.99 AS Decimal(10, 2)), 12, CAST(10.00 AS Decimal(5, 2)), CAST(161.89 AS Decimal(10, 2)), N'Credit Card', N'Premium', N'Online', N'South', N'REP004')
INSERT [dbo].[Sales] ([sale_id], [user_id], [sale_date], [product_id], [unit_price], [quantity], [discount_applied], [total_amount], [payment_method], [subscription_plan], [sales_channel], [region], [sales_rep_id]) VALUES (N'S038', N'TH019', CAST(N'2022-03-30' AS Date), N'LIT-001', CAST(199.99 AS Decimal(10, 2)), 1, CAST(0.00 AS Decimal(5, 2)), CAST(199.99 AS Decimal(10, 2)), N'Credit Card', N'Basic', N'Retail', N'Europe', N'REP005')
INSERT [dbo].[Sales] ([sale_id], [user_id], [sale_date], [product_id], [unit_price], [quantity], [discount_applied], [total_amount], [payment_method], [subscription_plan], [sales_channel], [region], [sales_rep_id]) VALUES (N'S039', N'TH019', CAST(N'2022-03-30' AS Date), N'SUB-002', CAST(9.99 AS Decimal(10, 2)), 12, CAST(0.00 AS Decimal(5, 2)), CAST(119.88 AS Decimal(10, 2)), N'Credit Card', N'Basic', N'Retail', N'Europe', N'REP005')
INSERT [dbo].[Sales] ([sale_id], [user_id], [sale_date], [product_id], [unit_price], [quantity], [discount_applied], [total_amount], [payment_method], [subscription_plan], [sales_channel], [region], [sales_rep_id]) VALUES (N'S040', N'TH020', CAST(N'2021-10-30' AS Date), N'PRO-001', CAST(299.99 AS Decimal(10, 2)), 1, CAST(5.00 AS Decimal(5, 2)), CAST(284.99 AS Decimal(10, 2)), N'Credit Card', N'Premium', N'Online', N'West', N'REP003')
INSERT [dbo].[Sales] ([sale_id], [user_id], [sale_date], [product_id], [unit_price], [quantity], [discount_applied], [total_amount], [payment_method], [subscription_plan], [sales_channel], [region], [sales_rep_id]) VALUES (N'S041', N'TH020', CAST(N'2021-10-30' AS Date), N'SUB-001', CAST(14.99 AS Decimal(10, 2)), 12, CAST(10.00 AS Decimal(5, 2)), CAST(161.89 AS Decimal(10, 2)), N'Credit Card', N'Premium', N'Online', N'West', N'REP003')
INSERT [dbo].[Sales] ([sale_id], [user_id], [sale_date], [product_id], [unit_price], [quantity], [discount_applied], [total_amount], [payment_method], [subscription_plan], [sales_channel], [region], [sales_rep_id]) VALUES (N'S042', N'TH021', CAST(N'2022-02-01' AS Date), N'LIT-001', CAST(199.99 AS Decimal(10, 2)), 1, CAST(20.00 AS Decimal(5, 2)), CAST(159.99 AS Decimal(10, 2)), N'PayPal', N'Basic', N'Online', N'Europe', N'REP005')
INSERT [dbo].[Sales] ([sale_id], [user_id], [sale_date], [product_id], [unit_price], [quantity], [discount_applied], [total_amount], [payment_method], [subscription_plan], [sales_channel], [region], [sales_rep_id]) VALUES (N'S043', N'TH021', CAST(N'2022-02-01' AS Date), N'SUB-002', CAST(9.99 AS Decimal(10, 2)), 12, CAST(0.00 AS Decimal(5, 2)), CAST(119.88 AS Decimal(10, 2)), N'PayPal', N'Basic', N'Online', N'Europe', N'REP005')
INSERT [dbo].[Sales] ([sale_id], [user_id], [sale_date], [product_id], [unit_price], [quantity], [discount_applied], [total_amount], [payment_method], [subscription_plan], [sales_channel], [region], [sales_rep_id]) VALUES (N'S044', N'TH022', CAST(N'2021-09-15' AS Date), N'ELT-001', CAST(499.99 AS Decimal(10, 2)), 1, CAST(5.00 AS Decimal(5, 2)), CAST(474.99 AS Decimal(10, 2)), N'Bank Transfer', N'Enterprise', N'Direct Sales', N'West', N'REP003')
INSERT [dbo].[Sales] ([sale_id], [user_id], [sale_date], [product_id], [unit_price], [quantity], [discount_applied], [total_amount], [payment_method], [subscription_plan], [sales_channel], [region], [sales_rep_id]) VALUES (N'S045', N'TH022', CAST(N'2021-09-15' AS Date), N'SUB-003', CAST(24.99 AS Decimal(10, 2)), 12, CAST(15.00 AS Decimal(5, 2)), CAST(254.90 AS Decimal(10, 2)), N'Bank Transfer', N'Enterprise', N'Direct Sales', N'West', N'REP003')
INSERT [dbo].[Sales] ([sale_id], [user_id], [sale_date], [product_id], [unit_price], [quantity], [discount_applied], [total_amount], [payment_method], [subscription_plan], [sales_channel], [region], [sales_rep_id]) VALUES (N'S046', N'TH023', CAST(N'2022-05-01' AS Date), N'PRO-001', CAST(299.99 AS Decimal(10, 2)), 1, CAST(10.00 AS Decimal(5, 2)), CAST(269.99 AS Decimal(10, 2)), N'Credit Card', N'Premium', N'Online', N'Asia', N'REP008')
INSERT [dbo].[Sales] ([sale_id], [user_id], [sale_date], [product_id], [unit_price], [quantity], [discount_applied], [total_amount], [payment_method], [subscription_plan], [sales_channel], [region], [sales_rep_id]) VALUES (N'S047', N'TH023', CAST(N'2022-05-01' AS Date), N'SUB-001', CAST(14.99 AS Decimal(10, 2)), 12, CAST(10.00 AS Decimal(5, 2)), CAST(161.89 AS Decimal(10, 2)), N'Credit Card', N'Premium', N'Online', N'Asia', N'REP008')
INSERT [dbo].[Sales] ([sale_id], [user_id], [sale_date], [product_id], [unit_price], [quantity], [discount_applied], [total_amount], [payment_method], [subscription_plan], [sales_channel], [region], [sales_rep_id]) VALUES (N'S048', N'TH024', CAST(N'2021-11-15' AS Date), N'ELT-001', CAST(499.99 AS Decimal(10, 2)), 1, CAST(5.00 AS Decimal(5, 2)), CAST(474.99 AS Decimal(10, 2)), N'Bank Transfer', N'Enterprise', N'Direct Sales', N'South', N'REP004')
INSERT [dbo].[Sales] ([sale_id], [user_id], [sale_date], [product_id], [unit_price], [quantity], [discount_applied], [total_amount], [payment_method], [subscription_plan], [sales_channel], [region], [sales_rep_id]) VALUES (N'S049', N'TH024', CAST(N'2021-11-15' AS Date), N'SUB-003', CAST(24.99 AS Decimal(10, 2)), 12, CAST(15.00 AS Decimal(5, 2)), CAST(254.90 AS Decimal(10, 2)), N'Bank Transfer', N'Enterprise', N'Direct Sales', N'South', N'REP004')
INSERT [dbo].[Sales] ([sale_id], [user_id], [sale_date], [product_id], [unit_price], [quantity], [discount_applied], [total_amount], [payment_method], [subscription_plan], [sales_channel], [region], [sales_rep_id]) VALUES (N'S050', N'TH025', CAST(N'2022-06-15' AS Date), N'LIT-001', CAST(199.99 AS Decimal(10, 2)), 1, CAST(25.00 AS Decimal(5, 2)), CAST(149.99 AS Decimal(10, 2)), N'Credit Card', N'Basic', N'Retail', N'Asia', N'REP008')
INSERT [dbo].[Sales] ([sale_id], [user_id], [sale_date], [product_id], [unit_price], [quantity], [discount_applied], [total_amount], [payment_method], [subscription_plan], [sales_channel], [region], [sales_rep_id]) VALUES (N'S056', N'TH036', CAST(N'2026-01-26' AS Date), N'SUB-003', CAST(24.99 AS Decimal(10, 2)), 12, CAST(15.00 AS Decimal(5, 2)), CAST(254.90 AS Decimal(10, 2)), N'Bank Transfer', N'Enterprise', N'Online', N'West', N'REP003')
INSERT [dbo].[Sales] ([sale_id], [user_id], [sale_date], [product_id], [unit_price], [quantity], [discount_applied], [total_amount], [payment_method], [subscription_plan], [sales_channel], [region], [sales_rep_id]) VALUES (N'S058', N'TH038', CAST(N'2026-01-28' AS Date), N'PRO-001', CAST(299.99 AS Decimal(10, 2)), 1, CAST(5.00 AS Decimal(5, 2)), CAST(284.99 AS Decimal(10, 2)), N'Credit Card', N'Premium', N'Direct Sales', N'Northeast', N'REP002')
INSERT [dbo].[Sales] ([sale_id], [user_id], [sale_date], [product_id], [unit_price], [quantity], [discount_applied], [total_amount], [payment_method], [subscription_plan], [sales_channel], [region], [sales_rep_id]) VALUES (N'S062', N'TH005', CAST(N'2026-01-31' AS Date), N'PRO-002', CAST(349.99 AS Decimal(10, 2)), 1, CAST(50.00 AS Decimal(5, 2)), CAST(299.99 AS Decimal(10, 2)), N'Credit Card', N'Premium', N'Online', N'West', N'REP003')
INSERT [dbo].[Sales] ([sale_id], [user_id], [sale_date], [product_id], [unit_price], [quantity], [discount_applied], [total_amount], [payment_method], [subscription_plan], [sales_channel], [region], [sales_rep_id]) VALUES (N'S063', N'TH005', CAST(N'2026-01-31' AS Date), N'SUB-001-RENEW', CAST(14.99 AS Decimal(10, 2)), 24, CAST(20.00 AS Decimal(5, 2)), CAST(287.81 AS Decimal(10, 2)), N'Credit Card', N'Premium', N'Online', N'West', N'REP003')
INSERT [dbo].[Sales] ([sale_id], [user_id], [sale_date], [product_id], [unit_price], [quantity], [discount_applied], [total_amount], [payment_method], [subscription_plan], [sales_channel], [region], [sales_rep_id]) VALUES (N'S064', N'TH016', CAST(N'2026-01-31' AS Date), N'PRO-002', CAST(249.99 AS Decimal(10, 2)), 1, CAST(0.00 AS Decimal(5, 2)), CAST(249.99 AS Decimal(10, 2)), N'Credit Card', N'Premium', N'Online', N'South', N'REP004')
GO
INSERT [dbo].[Service_Tickets] ([ticket_id], [user_id], [device_id], [issue_description], [ticket_status], [creation_date], [resolution_date]) VALUES (N'T001', N'TH001', N'DEV001', N'Battery issue', N'Open', CAST(N'2023-06-01' AS Date), NULL)
INSERT [dbo].[Service_Tickets] ([ticket_id], [user_id], [device_id], [issue_description], [ticket_status], [creation_date], [resolution_date]) VALUES (N'T002', N'TH002', N'DEV002', N'Screen malfunction', N'Resolved', CAST(N'2023-06-01' AS Date), CAST(N'2023-06-10' AS Date))
INSERT [dbo].[Service_Tickets] ([ticket_id], [user_id], [device_id], [issue_description], [ticket_status], [creation_date], [resolution_date]) VALUES (N'T003', N'TH003', N'DEV003', N'Sync problem', N'In Progress', CAST(N'2023-06-01' AS Date), NULL)
INSERT [dbo].[Service_Tickets] ([ticket_id], [user_id], [device_id], [issue_description], [ticket_status], [creation_date], [resolution_date]) VALUES (N'T004', N'TH004', N'DEV004', N'GPS not working', N'Open', CAST(N'2023-06-02' AS Date), NULL)
INSERT [dbo].[Service_Tickets] ([ticket_id], [user_id], [device_id], [issue_description], [ticket_status], [creation_date], [resolution_date]) VALUES (N'T005', N'TH005', N'DEV005', N'Heart rate sensor issue', N'Resolved', CAST(N'2023-06-02' AS Date), CAST(N'2023-06-07' AS Date))
INSERT [dbo].[Service_Tickets] ([ticket_id], [user_id], [device_id], [issue_description], [ticket_status], [creation_date], [resolution_date]) VALUES (N'T006', N'TH006', N'DEV006', N'Step counter issue', N'In Progress', CAST(N'2023-06-02' AS Date), NULL)
INSERT [dbo].[Service_Tickets] ([ticket_id], [user_id], [device_id], [issue_description], [ticket_status], [creation_date], [resolution_date]) VALUES (N'T007', N'TH007', N'DEV007', N'Battery issue', N'Open', CAST(N'2023-06-03' AS Date), NULL)
INSERT [dbo].[Service_Tickets] ([ticket_id], [user_id], [device_id], [issue_description], [ticket_status], [creation_date], [resolution_date]) VALUES (N'T008', N'TH008', N'DEV008', N'Screen glitch', N'Resolved', CAST(N'2023-06-03' AS Date), CAST(N'2023-06-05' AS Date))
INSERT [dbo].[Service_Tickets] ([ticket_id], [user_id], [device_id], [issue_description], [ticket_status], [creation_date], [resolution_date]) VALUES (N'T009', N'TH009', N'DEV009', N'Sync problem', N'In Progress', CAST(N'2023-06-03' AS Date), NULL)
INSERT [dbo].[Service_Tickets] ([ticket_id], [user_id], [device_id], [issue_description], [ticket_status], [creation_date], [resolution_date]) VALUES (N'T010', N'TH010', N'DEV010', N'GPS not working', N'Open', CAST(N'2023-06-04' AS Date), NULL)
GO
SET ANSI_PADDING ON
GO